name,label,experts,code
MHIST_aaa.png,SSA,6,aaa
MHIST_aab.png,HP,0,aab
MHIST_aac.png,SSA,5,aac
MHIST_aae.png,HP,1,aae
MHIST_aaf.png,SSA,5,aaf
MHIST_aai.png,HP,3,aai
MHIST_aaj.png,HP,0,aaj
MHIST_aak.png,HP,2,aak
MHIST_aal.png,SSA,5,aal
MHIST_aam.png,HP,0,aam
MHIST_aao.png,HP,0,aao
MHIST_aap.png,HP,2,aap
MHIST_aas.png,SSA,4,aas
MHIST_aat.png,HP,0,aat
MHIST_aau.png,HP,0,aau
MHIST_aav.png,HP,0,aav
MHIST_aaw.png,HP,0,aaw
MHIST_aax.png,HP,0,aax
MHIST_aba.png,HP,0,aba
MHIST_abc.png,HP,0,abc
MHIST_abd.png,HP,0,abd
MHIST_abf.png,HP,2,abf
MHIST_abg.png,HP,0,abg
MHIST_abh.png,SSA,4,abh
MHIST_abj.png,HP,1,abj
MHIST_abk.png,HP,2,abk
MHIST_abl.png,HP,1,abl
MHIST_abm.png,HP,0,abm
MHIST_abn.png,HP,2,abn
MHIST_abp.png,HP,0,abp
MHIST_abq.png,HP,0,abq
MHIST_abr.png,SSA,5,abr
MHIST_abu.png,HP,1,abu
MHIST_abv.png,HP,0,abv
MHIST_abw.png,HP,0,abw
MHIST_aby.png,HP,3,aby
MHIST_abz.png,HP,0,abz
MHIST_aca.png,SSA,6,aca
MHIST_acd.png,HP,0,acd
MHIST_ace.png,SSA,4,ace
MHIST_acf.png,SSA,4,acf
MHIST_ach.png,HP,0,ach
MHIST_aci.png,HP,2,aci
MHIST_acj.png,HP,0,acj
MHIST_ack.png,HP,0,ack
MHIST_acl.png,HP,0,acl
MHIST_acm.png,SSA,5,acm
MHIST_acn.png,HP,2,acn
MHIST_acr.png,HP,3,acr
MHIST_acs.png,HP,0,acs
MHIST_act.png,HP,1,act
MHIST_acu.png,HP,0,acu
MHIST_acv.png,SSA,4,acv
MHIST_acx.png,HP,1,acx
MHIST_acz.png,HP,0,acz
MHIST_ada.png,SSA,5,ada
MHIST_adb.png,HP,0,adb
MHIST_ade.png,HP,2,ade
MHIST_adf.png,HP,0,adf
MHIST_adg.png,HP,0,adg
MHIST_adh.png,HP,2,adh
MHIST_adi.png,HP,1,adi
MHIST_adk.png,SSA,6,adk
MHIST_adl.png,HP,3,adl
MHIST_adm.png,HP,3,adm
MHIST_adn.png,HP,2,adn
MHIST_adp.png,HP,0,adp
MHIST_adq.png,HP,1,adq
MHIST_adr.png,SSA,6,adr
MHIST_ads.png,HP,0,ads
MHIST_adt.png,HP,0,adt
MHIST_adv.png,HP,0,adv
MHIST_adw.png,HP,0,adw
MHIST_adz.png,HP,2,adz
MHIST_aea.png,HP,2,aea
MHIST_aef.png,HP,2,aef
MHIST_aeg.png,HP,2,aeg
MHIST_ael.png,HP,1,ael
MHIST_aem.png,HP,1,aem
MHIST_aen.png,SSA,4,aen
MHIST_aeo.png,HP,1,aeo
MHIST_aer.png,HP,0,aer
MHIST_aeu.png,HP,1,aeu
MHIST_aev.png,HP,0,aev
MHIST_aew.png,HP,1,aew
MHIST_aex.png,HP,1,aex
MHIST_aey.png,HP,2,aey
MHIST_afa.png,HP,2,afa
MHIST_afb.png,HP,3,afb
MHIST_afd.png,HP,1,afd
MHIST_afe.png,HP,1,afe
MHIST_afh.png,HP,0,afh
MHIST_afi.png,SSA,4,afi
MHIST_afj.png,HP,1,afj
MHIST_afl.png,HP,0,afl
MHIST_afp.png,HP,1,afp
MHIST_afq.png,SSA,6,afq
MHIST_afr.png,HP,1,afr
MHIST_aft.png,SSA,6,aft
MHIST_afu.png,HP,1,afu
MHIST_afv.png,HP,3,afv
MHIST_afw.png,HP,1,afw
MHIST_afx.png,HP,1,afx
MHIST_afy.png,HP,1,afy
MHIST_afz.png,HP,0,afz
MHIST_aga.png,HP,1,aga
MHIST_agc.png,HP,2,agc
MHIST_agg.png,HP,2,agg
MHIST_agl.png,HP,2,agl
MHIST_agm.png,HP,2,agm
MHIST_agn.png,HP,1,agn
MHIST_ago.png,HP,2,ago
MHIST_agp.png,HP,3,agp
MHIST_agq.png,HP,1,agq
MHIST_agr.png,HP,1,agr
MHIST_agt.png,HP,1,agt
MHIST_agv.png,HP,1,agv
MHIST_agw.png,HP,1,agw
MHIST_agx.png,HP,1,agx
MHIST_agz.png,HP,1,agz
MHIST_ahe.png,HP,0,ahe
MHIST_ahf.png,HP,0,ahf
MHIST_ahg.png,HP,0,ahg
MHIST_ahh.png,SSA,5,ahh
MHIST_ahi.png,HP,1,ahi
MHIST_ahj.png,HP,2,ahj
MHIST_ahm.png,HP,2,ahm
MHIST_ahn.png,HP,1,ahn
MHIST_ahp.png,HP,0,ahp
MHIST_ahs.png,HP,0,ahs
MHIST_aht.png,HP,0,aht
MHIST_ahv.png,HP,3,ahv
MHIST_ahx.png,HP,1,ahx
MHIST_ahy.png,HP,1,ahy
MHIST_aia.png,SSA,5,aia
MHIST_aib.png,HP,1,aib
MHIST_aic.png,HP,3,aic
MHIST_aid.png,HP,1,aid
MHIST_aig.png,HP,1,aig
MHIST_aih.png,SSA,4,aih
MHIST_aii.png,HP,2,aii
MHIST_aik.png,HP,3,aik
MHIST_aio.png,HP,1,aio
MHIST_air.png,HP,0,air
MHIST_ait.png,HP,2,ait
MHIST_aiv.png,HP,0,aiv
MHIST_aiw.png,HP,3,aiw
MHIST_aix.png,HP,1,aix
MHIST_aiy.png,HP,1,aiy
MHIST_aiz.png,HP,1,aiz
MHIST_aja.png,HP,3,aja
MHIST_ajb.png,HP,2,ajb
MHIST_aje.png,HP,2,aje
MHIST_ajg.png,HP,2,ajg
MHIST_ajh.png,HP,2,ajh
MHIST_ajj.png,HP,0,ajj
MHIST_ajk.png,SSA,4,ajk
MHIST_ajl.png,HP,0,ajl
MHIST_ajm.png,HP,0,ajm
MHIST_ajq.png,HP,3,ajq
MHIST_ajs.png,HP,1,ajs
MHIST_ajt.png,HP,1,ajt
MHIST_ajv.png,HP,1,ajv
MHIST_ajw.png,SSA,4,ajw
MHIST_ajx.png,SSA,4,ajx
MHIST_aka.png,HP,1,aka
MHIST_akb.png,HP,3,akb
MHIST_akf.png,HP,2,akf
MHIST_akg.png,HP,1,akg
MHIST_akj.png,HP,0,akj
MHIST_ako.png,HP,2,ako
MHIST_aks.png,SSA,4,aks
MHIST_akt.png,HP,1,akt
MHIST_aku.png,HP,1,aku
MHIST_akw.png,SSA,4,akw
MHIST_akz.png,HP,1,akz
MHIST_alb.png,HP,1,alb
MHIST_ald.png,HP,0,ald
MHIST_alf.png,HP,0,alf
MHIST_alj.png,HP,1,alj
MHIST_alk.png,HP,0,alk
MHIST_all.png,HP,3,all
MHIST_alm.png,HP,0,alm
MHIST_alp.png,HP,0,alp
MHIST_alq.png,HP,3,alq
MHIST_alu.png,HP,3,alu
MHIST_alx.png,HP,0,alx
MHIST_aly.png,HP,2,aly
MHIST_alz.png,HP,0,alz
MHIST_ama.png,HP,0,ama
MHIST_amb.png,HP,2,amb
MHIST_amc.png,HP,3,amc
MHIST_amd.png,HP,1,amd
MHIST_amf.png,HP,3,amf
MHIST_amh.png,HP,0,amh
MHIST_amk.png,HP,0,amk
MHIST_aml.png,HP,0,aml
MHIST_amn.png,HP,0,amn
MHIST_amp.png,HP,2,amp
MHIST_amr.png,HP,2,amr
MHIST_ams.png,HP,1,ams
MHIST_amt.png,HP,3,amt
MHIST_amu.png,HP,2,amu
MHIST_amx.png,HP,1,amx
MHIST_amy.png,HP,2,amy
MHIST_anb.png,HP,0,anb
MHIST_anf.png,HP,0,anf
MHIST_ang.png,HP,1,ang
MHIST_anh.png,SSA,4,anh
MHIST_ani.png,HP,1,ani
MHIST_anj.png,HP,0,anj
MHIST_anl.png,HP,0,anl
MHIST_anq.png,HP,0,anq
MHIST_anu.png,HP,1,anu
MHIST_anv.png,HP,0,anv
MHIST_any.png,HP,0,any
MHIST_aoa.png,HP,0,aoa
MHIST_aob.png,HP,1,aob
MHIST_aoe.png,HP,1,aoe
MHIST_aof.png,HP,0,aof
MHIST_aok.png,HP,0,aok
MHIST_aom.png,HP,1,aom
MHIST_aon.png,HP,1,aon
MHIST_aoq.png,HP,0,aoq
MHIST_aos.png,HP,0,aos
MHIST_aot.png,HP,2,aot
MHIST_aou.png,HP,0,aou
MHIST_aov.png,HP,1,aov
MHIST_aox.png,HP,2,aox
MHIST_aoy.png,HP,0,aoy
MHIST_aoz.png,HP,1,aoz
MHIST_apb.png,HP,1,apb
MHIST_apd.png,HP,0,apd
MHIST_ape.png,HP,1,ape
MHIST_apf.png,HP,0,apf
MHIST_apg.png,HP,3,apg
MHIST_aph.png,HP,3,aph
MHIST_api.png,HP,1,api
MHIST_apj.png,HP,3,apj
MHIST_apl.png,HP,2,apl
MHIST_apo.png,HP,3,apo
MHIST_app.png,HP,0,app
MHIST_apq.png,HP,2,apq
MHIST_apr.png,HP,1,apr
MHIST_apx.png,HP,1,apx
MHIST_apy.png,HP,3,apy
MHIST_apz.png,SSA,5,apz
MHIST_aqa.png,HP,1,aqa
MHIST_aqc.png,HP,1,aqc
MHIST_aqe.png,HP,0,aqe
MHIST_aqg.png,HP,2,aqg
MHIST_aql.png,HP,3,aql
MHIST_aqn.png,HP,2,aqn
MHIST_aqo.png,HP,2,aqo
MHIST_aqq.png,HP,2,aqq
MHIST_aqt.png,HP,0,aqt
MHIST_aqu.png,HP,3,aqu
MHIST_aqw.png,HP,3,aqw
MHIST_aqx.png,SSA,5,aqx
MHIST_aqz.png,HP,3,aqz
MHIST_ara.png,HP,3,ara
MHIST_arb.png,HP,2,arb
MHIST_arc.png,HP,1,arc
MHIST_ard.png,SSA,5,ard
MHIST_are.png,HP,1,are
MHIST_arg.png,HP,1,arg
MHIST_arh.png,HP,0,arh
MHIST_ari.png,HP,0,ari
MHIST_arj.png,HP,0,arj
MHIST_ark.png,HP,2,ark
MHIST_arl.png,HP,2,arl
MHIST_arm.png,HP,1,arm
MHIST_aro.png,HP,0,aro
MHIST_arr.png,HP,1,arr
MHIST_ars.png,SSA,4,ars
MHIST_art.png,HP,2,art
MHIST_aru.png,HP,1,aru
MHIST_arv.png,HP,3,arv
MHIST_arx.png,HP,0,arx
MHIST_ary.png,HP,0,ary
MHIST_arz.png,HP,2,arz
MHIST_asf.png,HP,2,asf
MHIST_asj.png,HP,1,asj
MHIST_ask.png,HP,0,ask
MHIST_asl.png,HP,3,asl
MHIST_asm.png,HP,1,asm
MHIST_asn.png,HP,0,asn
MHIST_asp.png,HP,1,asp
MHIST_asq.png,HP,2,asq
MHIST_asr.png,HP,1,asr
MHIST_ass.png,HP,1,ass
MHIST_ast.png,HP,2,ast
MHIST_asv.png,HP,2,asv
MHIST_asy.png,HP,0,asy
MHIST_atc.png,HP,1,atc
MHIST_atf.png,HP,3,atf
MHIST_atg.png,HP,1,atg
MHIST_ati.png,HP,1,ati
MHIST_atl.png,HP,1,atl
MHIST_atm.png,HP,3,atm
MHIST_atp.png,HP,1,atp
MHIST_atr.png,HP,0,atr
MHIST_ats.png,HP,0,ats
MHIST_att.png,HP,0,att
MHIST_atv.png,HP,1,atv
MHIST_atw.png,HP,2,atw
MHIST_atx.png,HP,3,atx
MHIST_atz.png,HP,2,atz
MHIST_aud.png,HP,0,aud
MHIST_aue.png,HP,0,aue
MHIST_auf.png,HP,1,auf
MHIST_aui.png,SSA,5,aui
MHIST_auj.png,HP,0,auj
MHIST_aul.png,HP,0,aul
MHIST_aum.png,HP,2,aum
MHIST_aun.png,HP,1,aun
MHIST_auo.png,HP,0,auo
MHIST_aup.png,HP,0,aup
MHIST_aur.png,HP,0,aur
MHIST_auv.png,SSA,4,auv
MHIST_auz.png,HP,0,auz
MHIST_ava.png,HP,0,ava
MHIST_avb.png,HP,0,avb
MHIST_avc.png,HP,0,avc
MHIST_avh.png,SSA,4,avh
MHIST_avi.png,SSA,5,avi
MHIST_avj.png,HP,0,avj
MHIST_avk.png,HP,1,avk
MHIST_avl.png,HP,0,avl
MHIST_avm.png,HP,0,avm
MHIST_avn.png,HP,0,avn
MHIST_avo.png,HP,1,avo
MHIST_avq.png,SSA,4,avq
MHIST_avs.png,HP,2,avs
MHIST_avt.png,HP,1,avt
MHIST_avu.png,HP,0,avu
MHIST_avy.png,HP,3,avy
MHIST_awa.png,HP,1,awa
MHIST_awb.png,HP,2,awb
MHIST_awc.png,HP,0,awc
MHIST_awd.png,HP,2,awd
MHIST_awe.png,HP,0,awe
MHIST_awf.png,HP,2,awf
MHIST_awi.png,HP,2,awi
MHIST_awl.png,HP,2,awl
MHIST_awp.png,HP,3,awp
MHIST_awq.png,HP,3,awq
MHIST_aws.png,HP,0,aws
MHIST_awt.png,HP,0,awt
MHIST_awv.png,HP,0,awv
MHIST_awx.png,HP,0,awx
MHIST_awy.png,HP,2,awy
MHIST_axe.png,HP,3,axe
MHIST_axf.png,HP,0,axf
MHIST_axi.png,HP,0,axi
MHIST_axk.png,HP,0,axk
MHIST_axl.png,HP,2,axl
MHIST_axn.png,HP,2,axn
MHIST_axo.png,HP,0,axo
MHIST_axq.png,HP,3,axq
MHIST_axr.png,HP,1,axr
MHIST_axs.png,HP,2,axs
MHIST_axt.png,HP,2,axt
MHIST_axu.png,HP,0,axu
MHIST_axw.png,HP,1,axw
MHIST_axx.png,HP,1,axx
MHIST_axy.png,HP,2,axy
MHIST_axz.png,HP,1,axz
MHIST_ayb.png,HP,2,ayb
MHIST_ayd.png,HP,0,ayd
MHIST_ayg.png,HP,1,ayg
MHIST_ayi.png,HP,2,ayi
MHIST_ayj.png,HP,3,ayj
MHIST_ayk.png,HP,0,ayk
MHIST_ayl.png,HP,0,ayl
MHIST_aym.png,HP,0,aym
MHIST_ayp.png,HP,0,ayp
MHIST_ayr.png,HP,1,ayr
MHIST_ayt.png,HP,0,ayt
MHIST_ayu.png,HP,1,ayu
MHIST_ayx.png,HP,2,ayx
MHIST_aza.png,HP,0,aza
MHIST_azb.png,HP,3,azb
MHIST_azc.png,HP,0,azc
MHIST_azd.png,HP,0,azd
MHIST_azg.png,HP,0,azg
MHIST_azh.png,HP,0,azh
MHIST_azi.png,HP,0,azi
MHIST_azk.png,HP,3,azk
MHIST_azr.png,HP,1,azr
MHIST_azs.png,HP,0,azs
MHIST_azt.png,HP,0,azt
MHIST_azv.png,HP,0,azv
MHIST_azw.png,HP,0,azw
MHIST_azy.png,HP,1,azy
MHIST_baa.png,HP,1,baa
MHIST_bab.png,HP,1,bab
MHIST_bac.png,HP,1,bac
MHIST_bad.png,HP,2,bad
MHIST_bah.png,HP,0,bah
MHIST_bai.png,HP,0,bai
MHIST_baj.png,HP,0,baj
MHIST_bak.png,HP,0,bak
MHIST_baq.png,HP,2,baq
MHIST_bar.png,HP,1,bar
MHIST_bat.png,HP,3,bat
MHIST_bau.png,HP,2,bau
MHIST_bay.png,HP,0,bay
MHIST_bba.png,HP,0,bba
MHIST_bbb.png,HP,0,bbb
MHIST_bbc.png,HP,1,bbc
MHIST_bbd.png,SSA,4,bbd
MHIST_bbj.png,HP,3,bbj
MHIST_bbk.png,HP,2,bbk
MHIST_bbo.png,HP,1,bbo
MHIST_bbp.png,HP,1,bbp
MHIST_bbq.png,HP,0,bbq
MHIST_bbu.png,HP,1,bbu
MHIST_bbv.png,HP,1,bbv
MHIST_bby.png,HP,1,bby
MHIST_bbz.png,HP,3,bbz
MHIST_bca.png,HP,2,bca
MHIST_bcb.png,SSA,4,bcb
MHIST_bcf.png,HP,1,bcf
MHIST_bcg.png,HP,1,bcg
MHIST_bch.png,HP,3,bch
MHIST_bci.png,HP,2,bci
MHIST_bcj.png,HP,1,bcj
MHIST_bck.png,HP,1,bck
MHIST_bcm.png,HP,3,bcm
MHIST_bcp.png,HP,3,bcp
MHIST_bcq.png,HP,3,bcq
MHIST_bcs.png,HP,1,bcs
MHIST_bct.png,HP,0,bct
MHIST_bcu.png,HP,1,bcu
MHIST_bcw.png,HP,0,bcw
MHIST_bcx.png,HP,2,bcx
MHIST_bde.png,HP,0,bde
MHIST_bdf.png,HP,0,bdf
MHIST_bdg.png,HP,0,bdg
MHIST_bdi.png,HP,1,bdi
MHIST_bdj.png,HP,1,bdj
MHIST_bdk.png,HP,0,bdk
MHIST_bdm.png,HP,0,bdm
MHIST_bdn.png,HP,1,bdn
MHIST_bdq.png,HP,1,bdq
MHIST_bdr.png,HP,0,bdr
MHIST_bds.png,HP,0,bds
MHIST_bdu.png,HP,1,bdu
MHIST_bdw.png,HP,0,bdw
MHIST_bdx.png,SSA,5,bdx
MHIST_bdy.png,HP,3,bdy
MHIST_bdz.png,HP,1,bdz
MHIST_bed.png,HP,0,bed
MHIST_bef.png,HP,1,bef
MHIST_beg.png,HP,2,beg
MHIST_bei.png,SSA,4,bei
MHIST_bek.png,HP,0,bek
MHIST_bep.png,HP,3,bep
MHIST_beq.png,HP,0,beq
MHIST_bes.png,HP,2,bes
MHIST_bet.png,HP,3,bet
MHIST_bey.png,HP,1,bey
MHIST_bfa.png,HP,2,bfa
MHIST_bfe.png,HP,0,bfe
MHIST_bfh.png,HP,2,bfh
MHIST_bfk.png,HP,1,bfk
MHIST_bfl.png,HP,1,bfl
MHIST_bfm.png,HP,1,bfm
MHIST_bfp.png,HP,2,bfp
MHIST_bfr.png,HP,0,bfr
MHIST_bfs.png,HP,0,bfs
MHIST_bft.png,SSA,5,bft
MHIST_bgd.png,HP,1,bgd
MHIST_bgg.png,HP,0,bgg
MHIST_bgm.png,HP,0,bgm
MHIST_bgn.png,HP,2,bgn
MHIST_bgo.png,HP,0,bgo
MHIST_bgq.png,HP,0,bgq
MHIST_bgr.png,HP,1,bgr
MHIST_bgt.png,HP,0,bgt
MHIST_bgu.png,HP,1,bgu
MHIST_bgw.png,HP,2,bgw
MHIST_bgx.png,HP,0,bgx
MHIST_bha.png,HP,0,bha
MHIST_bhb.png,HP,1,bhb
MHIST_bhc.png,HP,0,bhc
MHIST_bhd.png,HP,0,bhd
MHIST_bhe.png,HP,0,bhe
MHIST_bhf.png,HP,2,bhf
MHIST_bhg.png,HP,3,bhg
MHIST_bhh.png,HP,2,bhh
MHIST_bhi.png,HP,2,bhi
MHIST_bhj.png,HP,3,bhj
MHIST_bhm.png,HP,0,bhm
MHIST_bhp.png,HP,0,bhp
MHIST_bhr.png,HP,0,bhr
MHIST_bht.png,HP,0,bht
MHIST_bhz.png,HP,0,bhz
MHIST_bia.png,HP,0,bia
MHIST_bic.png,HP,1,bic
MHIST_bid.png,HP,1,bid
MHIST_big.png,SSA,5,big
MHIST_bik.png,HP,0,bik
MHIST_biq.png,HP,1,biq
MHIST_bir.png,HP,3,bir
MHIST_bis.png,HP,1,bis
MHIST_bit.png,SSA,4,bit
MHIST_biv.png,HP,2,biv
MHIST_bjb.png,HP,1,bjb
MHIST_bjc.png,HP,3,bjc
MHIST_bjf.png,HP,0,bjf
MHIST_bjg.png,HP,1,bjg
MHIST_bji.png,SSA,4,bji
MHIST_bjj.png,HP,0,bjj
MHIST_bjk.png,HP,0,bjk
MHIST_bjl.png,HP,0,bjl
MHIST_bjn.png,HP,0,bjn
MHIST_bjo.png,HP,3,bjo
MHIST_bjq.png,HP,3,bjq
MHIST_bju.png,HP,2,bju
MHIST_bjv.png,HP,1,bjv
MHIST_bjw.png,HP,2,bjw
MHIST_bjy.png,HP,1,bjy
MHIST_bjz.png,HP,0,bjz
MHIST_bkc.png,SSA,4,bkc
MHIST_bkf.png,HP,3,bkf
MHIST_bkg.png,SSA,4,bkg
MHIST_bki.png,HP,2,bki
MHIST_bkm.png,HP,1,bkm
MHIST_bkn.png,HP,1,bkn
MHIST_bkq.png,HP,3,bkq
MHIST_bkr.png,HP,2,bkr
MHIST_bkw.png,HP,0,bkw
MHIST_bkx.png,HP,0,bkx
MHIST_bkz.png,HP,1,bkz
MHIST_bla.png,HP,1,bla
MHIST_blb.png,HP,1,blb
MHIST_blh.png,SSA,4,blh
MHIST_bli.png,HP,0,bli
MHIST_blk.png,HP,0,blk
MHIST_bll.png,HP,0,bll
MHIST_blp.png,HP,3,blp
MHIST_blq.png,HP,2,blq
MHIST_bls.png,HP,3,bls
MHIST_blx.png,HP,0,blx
MHIST_bmb.png,SSA,4,bmb
MHIST_bme.png,HP,1,bme
MHIST_bmf.png,HP,1,bmf
MHIST_bmi.png,HP,0,bmi
MHIST_bmj.png,HP,2,bmj
MHIST_bmk.png,HP,1,bmk
MHIST_bml.png,HP,0,bml
MHIST_bmm.png,HP,1,bmm
MHIST_bmo.png,HP,0,bmo
MHIST_bmq.png,SSA,4,bmq
MHIST_bmr.png,HP,2,bmr
MHIST_bmu.png,HP,3,bmu
MHIST_bmx.png,HP,0,bmx
MHIST_bmz.png,HP,1,bmz
MHIST_bna.png,HP,1,bna
MHIST_bng.png,HP,2,bng
MHIST_bnh.png,HP,1,bnh
MHIST_bni.png,SSA,4,bni
MHIST_bnk.png,SSA,6,bnk
MHIST_bno.png,HP,1,bno
MHIST_bns.png,HP,0,bns
MHIST_bnt.png,HP,3,bnt
MHIST_bnu.png,HP,1,bnu
MHIST_bnx.png,SSA,4,bnx
MHIST_bny.png,SSA,4,bny
MHIST_bnz.png,HP,1,bnz
MHIST_bob.png,HP,2,bob
MHIST_boc.png,HP,2,boc
MHIST_bog.png,HP,1,bog
MHIST_boh.png,HP,1,boh
MHIST_boi.png,SSA,5,boi
MHIST_boj.png,HP,3,boj
MHIST_bok.png,SSA,4,bok
MHIST_bol.png,HP,3,bol
MHIST_bom.png,HP,2,bom
MHIST_boq.png,HP,1,boq
MHIST_bou.png,HP,0,bou
MHIST_box.png,HP,2,box
MHIST_bpc.png,HP,2,bpc
MHIST_bpe.png,HP,1,bpe
MHIST_bpf.png,SSA,5,bpf
MHIST_bpi.png,HP,0,bpi
MHIST_bpm.png,HP,1,bpm
MHIST_bpq.png,HP,0,bpq
MHIST_bpr.png,HP,3,bpr
MHIST_bpt.png,HP,2,bpt
MHIST_bpv.png,HP,1,bpv
MHIST_bpw.png,HP,2,bpw
MHIST_bpy.png,HP,3,bpy
MHIST_bqa.png,HP,0,bqa
MHIST_bqd.png,HP,0,bqd
MHIST_bqf.png,HP,0,bqf
MHIST_bqj.png,HP,0,bqj
MHIST_bqm.png,HP,2,bqm
MHIST_bqo.png,HP,0,bqo
MHIST_bqp.png,HP,0,bqp
MHIST_bqq.png,HP,3,bqq
MHIST_bqt.png,HP,2,bqt
MHIST_bqu.png,HP,2,bqu
MHIST_bqw.png,HP,0,bqw
MHIST_bqx.png,HP,0,bqx
MHIST_bqy.png,HP,1,bqy
MHIST_bqz.png,SSA,4,bqz
MHIST_bra.png,HP,1,bra
MHIST_brb.png,SSA,4,brb
MHIST_brc.png,HP,2,brc
MHIST_brd.png,HP,1,brd
MHIST_brf.png,HP,0,brf
MHIST_brg.png,HP,0,brg
MHIST_brh.png,HP,0,brh
MHIST_bri.png,HP,0,bri
MHIST_brj.png,HP,0,brj
MHIST_brk.png,HP,0,brk
MHIST_brm.png,HP,1,brm
MHIST_brn.png,HP,1,brn
MHIST_brq.png,HP,1,brq
MHIST_bry.png,HP,0,bry
MHIST_brz.png,HP,0,brz
MHIST_bsb.png,HP,1,bsb
MHIST_bsg.png,HP,1,bsg
MHIST_bsi.png,HP,2,bsi
MHIST_bsl.png,HP,0,bsl
MHIST_bsm.png,SSA,4,bsm
MHIST_bsn.png,HP,0,bsn
MHIST_bso.png,HP,3,bso
MHIST_bsp.png,HP,0,bsp
MHIST_bst.png,HP,2,bst
MHIST_bsv.png,HP,1,bsv
MHIST_bsw.png,SSA,5,bsw
MHIST_btc.png,HP,2,btc
MHIST_btd.png,HP,1,btd
MHIST_bte.png,HP,2,bte
MHIST_btg.png,HP,3,btg
MHIST_bti.png,HP,0,bti
MHIST_btj.png,HP,3,btj
MHIST_btn.png,HP,0,btn
MHIST_bto.png,HP,3,bto
MHIST_btp.png,SSA,4,btp
MHIST_btq.png,HP,1,btq
MHIST_bts.png,HP,1,bts
MHIST_btv.png,HP,2,btv
MHIST_btw.png,HP,2,btw
MHIST_btx.png,HP,2,btx
MHIST_bua.png,HP,3,bua
MHIST_buc.png,HP,2,buc
MHIST_buf.png,SSA,4,buf
MHIST_bui.png,HP,0,bui
MHIST_buk.png,SSA,4,buk
MHIST_bul.png,HP,0,bul
MHIST_bun.png,HP,1,bun
MHIST_bup.png,SSA,5,bup
MHIST_buq.png,HP,2,buq
MHIST_bus.png,HP,1,bus
MHIST_but.png,HP,2,but
MHIST_buu.png,HP,1,buu
MHIST_buw.png,HP,1,buw
MHIST_buy.png,HP,1,buy
MHIST_buz.png,HP,0,buz
MHIST_bvd.png,HP,1,bvd
MHIST_bve.png,HP,0,bve
MHIST_bvf.png,HP,0,bvf
MHIST_bvg.png,SSA,4,bvg
MHIST_bvh.png,SSA,4,bvh
MHIST_bvi.png,HP,1,bvi
MHIST_bvm.png,HP,1,bvm
MHIST_bvo.png,HP,1,bvo
MHIST_bvr.png,HP,3,bvr
MHIST_bvs.png,HP,2,bvs
MHIST_bvt.png,HP,1,bvt
MHIST_bvw.png,HP,2,bvw
MHIST_bwb.png,HP,2,bwb
MHIST_bwd.png,HP,2,bwd
MHIST_bwe.png,HP,2,bwe
MHIST_bwf.png,HP,0,bwf
MHIST_bwi.png,SSA,5,bwi
MHIST_bwj.png,HP,3,bwj
MHIST_bwk.png,HP,1,bwk
MHIST_bwm.png,HP,1,bwm
MHIST_bwn.png,HP,1,bwn
MHIST_bwp.png,HP,2,bwp
MHIST_bwq.png,HP,1,bwq
MHIST_bwr.png,HP,0,bwr
MHIST_bwv.png,HP,0,bwv
MHIST_bwx.png,SSA,5,bwx
MHIST_bwy.png,HP,1,bwy
MHIST_bxa.png,HP,1,bxa
MHIST_bxd.png,HP,1,bxd
MHIST_bxh.png,HP,2,bxh
MHIST_bxj.png,HP,0,bxj
MHIST_bxl.png,HP,3,bxl
MHIST_bxm.png,HP,0,bxm
MHIST_bxn.png,HP,0,bxn
MHIST_bxp.png,HP,2,bxp
MHIST_bxs.png,SSA,5,bxs
MHIST_bxt.png,HP,3,bxt
MHIST_bxw.png,HP,2,bxw
MHIST_byc.png,HP,1,byc
MHIST_byd.png,HP,1,byd
MHIST_bye.png,HP,1,bye
MHIST_byj.png,HP,3,byj
MHIST_byn.png,HP,3,byn
MHIST_byo.png,HP,1,byo
MHIST_byp.png,HP,1,byp
MHIST_bys.png,HP,1,bys
MHIST_byt.png,HP,2,byt
MHIST_byv.png,HP,1,byv
MHIST_byx.png,HP,1,byx
MHIST_bzb.png,HP,3,bzb
MHIST_bzd.png,HP,0,bzd
MHIST_bzf.png,SSA,4,bzf
MHIST_bzg.png,HP,0,bzg
MHIST_bzj.png,HP,1,bzj
MHIST_bzo.png,HP,2,bzo
MHIST_bzp.png,HP,0,bzp
MHIST_bzq.png,HP,0,bzq
MHIST_bzt.png,HP,0,bzt
MHIST_bzv.png,HP,3,bzv
MHIST_bzx.png,HP,3,bzx
MHIST_bzy.png,HP,1,bzy
MHIST_bzz.png,HP,2,bzz
MHIST_cae.png,HP,2,cae
MHIST_cah.png,HP,0,cah
MHIST_caj.png,SSA,6,caj
MHIST_cak.png,HP,1,cak
MHIST_cal.png,HP,3,cal
MHIST_can.png,HP,0,can
MHIST_caq.png,HP,1,caq
MHIST_cas.png,HP,1,cas
MHIST_cav.png,HP,0,cav
MHIST_caw.png,HP,1,caw
MHIST_cay.png,SSA,4,cay
MHIST_caz.png,HP,0,caz
MHIST_cba.png,HP,0,cba
MHIST_cbd.png,HP,0,cbd
MHIST_cbe.png,SSA,5,cbe
MHIST_cbf.png,HP,0,cbf
MHIST_cbh.png,SSA,4,cbh
MHIST_cbi.png,HP,1,cbi
MHIST_cbk.png,HP,1,cbk
MHIST_cbm.png,HP,0,cbm
MHIST_cbn.png,HP,0,cbn
MHIST_cbp.png,HP,1,cbp
MHIST_cbr.png,HP,0,cbr
MHIST_cbs.png,HP,0,cbs
MHIST_cbt.png,HP,1,cbt
MHIST_cbv.png,SSA,5,cbv
MHIST_cbw.png,HP,2,cbw
MHIST_cby.png,HP,0,cby
MHIST_cbz.png,HP,0,cbz
MHIST_cca.png,HP,1,cca
MHIST_ccb.png,HP,2,ccb
MHIST_ccc.png,SSA,6,ccc
MHIST_ccg.png,HP,1,ccg
MHIST_cch.png,HP,3,cch
MHIST_cci.png,HP,0,cci
MHIST_ccj.png,HP,1,ccj
MHIST_cck.png,HP,0,cck
MHIST_ccl.png,HP,1,ccl
MHIST_ccp.png,HP,0,ccp
MHIST_ccq.png,HP,0,ccq
MHIST_ccs.png,SSA,4,ccs
MHIST_ccv.png,HP,1,ccv
MHIST_ccw.png,HP,0,ccw
MHIST_ccx.png,HP,0,ccx
MHIST_ccy.png,HP,0,ccy
MHIST_ccz.png,HP,2,ccz
MHIST_cda.png,HP,0,cda
MHIST_cdb.png,HP,0,cdb
MHIST_cdc.png,HP,1,cdc
MHIST_cdg.png,HP,1,cdg
MHIST_cdh.png,HP,2,cdh
MHIST_cdi.png,HP,3,cdi
MHIST_cdj.png,HP,3,cdj
MHIST_cdl.png,HP,1,cdl
MHIST_cdm.png,HP,1,cdm
MHIST_cdq.png,HP,0,cdq
MHIST_cds.png,SSA,4,cds
MHIST_cdt.png,HP,0,cdt
MHIST_cdv.png,HP,3,cdv
MHIST_cdx.png,HP,2,cdx
MHIST_cdz.png,SSA,6,cdz
MHIST_cea.png,HP,2,cea
MHIST_cec.png,HP,1,cec
MHIST_ced.png,SSA,5,ced
MHIST_cee.png,HP,0,cee
MHIST_cef.png,HP,1,cef
MHIST_ceg.png,HP,3,ceg
MHIST_ceh.png,HP,3,ceh
MHIST_cej.png,HP,3,cej
MHIST_cen.png,HP,3,cen
MHIST_cep.png,HP,3,cep
MHIST_ceq.png,SSA,4,ceq
MHIST_cer.png,HP,2,cer
MHIST_cet.png,HP,3,cet
MHIST_cex.png,HP,1,cex
MHIST_cey.png,HP,1,cey
MHIST_cfa.png,HP,1,cfa
MHIST_cfe.png,HP,1,cfe
MHIST_cff.png,HP,2,cff
MHIST_cfh.png,HP,0,cfh
MHIST_cfj.png,HP,1,cfj
MHIST_cfk.png,SSA,6,cfk
MHIST_cfl.png,HP,0,cfl
MHIST_cfm.png,HP,0,cfm
MHIST_cfo.png,SSA,5,cfo
MHIST_cfp.png,HP,2,cfp
MHIST_cfr.png,HP,2,cfr
MHIST_cfs.png,HP,3,cfs
MHIST_cft.png,SSA,4,cft
MHIST_cfv.png,HP,2,cfv
MHIST_cfw.png,HP,2,cfw
MHIST_cfz.png,SSA,4,cfz
MHIST_cga.png,HP,1,cga
MHIST_cgc.png,HP,3,cgc
MHIST_cge.png,HP,3,cge
MHIST_cgg.png,HP,1,cgg
MHIST_cgh.png,HP,1,cgh
MHIST_cgj.png,HP,0,cgj
MHIST_cgl.png,HP,0,cgl
MHIST_cgm.png,HP,1,cgm
MHIST_cgn.png,HP,0,cgn
MHIST_cgq.png,HP,1,cgq
MHIST_cgr.png,HP,2,cgr
MHIST_cgv.png,HP,3,cgv
MHIST_cgy.png,HP,1,cgy
MHIST_cgz.png,SSA,4,cgz
MHIST_chb.png,HP,0,chb
MHIST_chc.png,HP,2,chc
MHIST_chf.png,SSA,4,chf
MHIST_chh.png,HP,3,chh
MHIST_chi.png,HP,2,chi
MHIST_chj.png,HP,1,chj
MHIST_chk.png,HP,3,chk
MHIST_chm.png,HP,3,chm
MHIST_chn.png,SSA,4,chn
MHIST_cho.png,HP,2,cho
MHIST_chq.png,HP,2,chq
MHIST_chu.png,HP,2,chu
MHIST_chw.png,HP,0,chw
MHIST_chx.png,HP,1,chx
MHIST_chy.png,HP,1,chy
MHIST_cib.png,HP,0,cib
MHIST_cif.png,HP,2,cif
MHIST_cig.png,HP,0,cig
MHIST_cih.png,HP,1,cih
MHIST_cii.png,HP,1,cii
MHIST_cij.png,HP,2,cij
MHIST_cik.png,HP,3,cik
MHIST_cil.png,HP,2,cil
MHIST_cin.png,HP,1,cin
MHIST_cip.png,HP,0,cip
MHIST_ciq.png,HP,1,ciq
MHIST_cir.png,HP,1,cir
MHIST_cis.png,HP,0,cis
MHIST_cit.png,HP,2,cit
MHIST_civ.png,HP,0,civ
MHIST_cix.png,SSA,4,cix
MHIST_ciy.png,HP,1,ciy
MHIST_ciz.png,HP,3,ciz
MHIST_cjb.png,HP,1,cjb
MHIST_cjd.png,HP,1,cjd
MHIST_cjg.png,HP,1,cjg
MHIST_cjh.png,HP,0,cjh
MHIST_cjj.png,HP,1,cjj
MHIST_cjm.png,HP,0,cjm
MHIST_cjp.png,HP,1,cjp
MHIST_cju.png,HP,1,cju
MHIST_cjw.png,HP,2,cjw
MHIST_cjx.png,SSA,4,cjx
MHIST_cjy.png,HP,0,cjy
MHIST_cjz.png,HP,0,cjz
MHIST_cka.png,HP,2,cka
MHIST_ckb.png,HP,1,ckb
MHIST_ckd.png,HP,1,ckd
MHIST_cke.png,HP,1,cke
MHIST_ckg.png,SSA,4,ckg
MHIST_ckj.png,HP,0,ckj
MHIST_ckk.png,HP,1,ckk
MHIST_ckm.png,HP,0,ckm
MHIST_cko.png,HP,0,cko
MHIST_ckp.png,HP,1,ckp
MHIST_ckq.png,SSA,4,ckq
MHIST_ckr.png,HP,1,ckr
MHIST_ckt.png,HP,3,ckt
MHIST_ckv.png,HP,2,ckv
MHIST_cky.png,HP,2,cky
MHIST_ckz.png,HP,0,ckz
MHIST_clb.png,HP,1,clb
MHIST_clc.png,SSA,4,clc
MHIST_cle.png,HP,0,cle
MHIST_cli.png,HP,3,cli
MHIST_clj.png,HP,3,clj
MHIST_clk.png,HP,0,clk
MHIST_clm.png,HP,1,clm
MHIST_clp.png,HP,2,clp
MHIST_clq.png,HP,0,clq
MHIST_clr.png,HP,1,clr
MHIST_cls.png,HP,0,cls
MHIST_clu.png,HP,1,clu
MHIST_clv.png,HP,0,clv
MHIST_cly.png,HP,2,cly
MHIST_cmb.png,HP,0,cmb
MHIST_cme.png,HP,0,cme
MHIST_cmk.png,HP,0,cmk
MHIST_cmm.png,HP,2,cmm
MHIST_cmp.png,SSA,4,cmp
MHIST_cmq.png,HP,2,cmq
MHIST_cmr.png,HP,3,cmr
MHIST_cmu.png,HP,0,cmu
MHIST_cmv.png,HP,1,cmv
MHIST_cmx.png,HP,0,cmx
MHIST_cna.png,HP,1,cna
MHIST_cnd.png,HP,1,cnd
MHIST_cnf.png,HP,3,cnf
MHIST_cnj.png,HP,1,cnj
MHIST_cnl.png,HP,1,cnl
MHIST_cno.png,HP,1,cno
MHIST_cnq.png,HP,1,cnq
MHIST_cnu.png,SSA,6,cnu
MHIST_coa.png,HP,2,coa
MHIST_cob.png,HP,2,cob
MHIST_coe.png,HP,2,coe
MHIST_cof.png,HP,0,cof
MHIST_cog.png,HP,1,cog
MHIST_coi.png,HP,1,coi
MHIST_col.png,HP,0,col
MHIST_com.png,HP,0,com
MHIST_coo.png,HP,1,coo
MHIST_cop.png,HP,0,cop
MHIST_cos.png,HP,2,cos
MHIST_cou.png,HP,0,cou
MHIST_cow.png,HP,0,cow
MHIST_coz.png,HP,0,coz
MHIST_cpa.png,HP,2,cpa
MHIST_cpb.png,HP,2,cpb
MHIST_cpf.png,HP,3,cpf
MHIST_cpg.png,SSA,5,cpg
MHIST_cpj.png,HP,1,cpj
MHIST_cpl.png,HP,3,cpl
MHIST_cpp.png,HP,1,cpp
MHIST_cpv.png,HP,2,cpv
MHIST_cpx.png,SSA,5,cpx
MHIST_cqd.png,HP,1,cqd
MHIST_cqe.png,HP,0,cqe
MHIST_cqf.png,SSA,4,cqf
MHIST_cqh.png,HP,1,cqh
MHIST_cqk.png,HP,2,cqk
MHIST_cqm.png,HP,1,cqm
MHIST_cqo.png,HP,1,cqo
MHIST_cqx.png,SSA,6,cqx
MHIST_crb.png,HP,2,crb
MHIST_crc.png,SSA,5,crc
MHIST_cri.png,HP,1,cri
MHIST_crj.png,HP,1,crj
MHIST_crn.png,HP,2,crn
MHIST_cro.png,HP,0,cro
MHIST_crq.png,HP,2,crq
MHIST_crr.png,HP,2,crr
MHIST_crv.png,HP,2,crv
MHIST_cry.png,HP,3,cry
MHIST_crz.png,HP,1,crz
MHIST_csf.png,HP,1,csf
MHIST_csg.png,HP,3,csg
MHIST_csl.png,HP,1,csl
MHIST_csm.png,HP,1,csm
MHIST_csp.png,HP,1,csp
MHIST_csr.png,SSA,4,csr
MHIST_css.png,SSA,4,css
MHIST_csu.png,HP,1,csu
MHIST_csv.png,HP,1,csv
MHIST_csx.png,HP,1,csx
MHIST_csy.png,SSA,4,csy
MHIST_csz.png,HP,1,csz
MHIST_cta.png,HP,0,cta
MHIST_ctd.png,HP,1,ctd
MHIST_cth.png,HP,0,cth
MHIST_ctj.png,HP,0,ctj
MHIST_ctl.png,HP,3,ctl
MHIST_ctm.png,HP,1,ctm
MHIST_ctn.png,HP,0,ctn
MHIST_ctp.png,HP,2,ctp
MHIST_ctu.png,HP,0,ctu
MHIST_ctv.png,HP,0,ctv
MHIST_ctz.png,HP,0,ctz
MHIST_cuc.png,HP,0,cuc
MHIST_cud.png,HP,1,cud
MHIST_cue.png,HP,0,cue
MHIST_cuf.png,HP,0,cuf
MHIST_cug.png,HP,0,cug
MHIST_cuh.png,HP,0,cuh
MHIST_cuj.png,HP,1,cuj
MHIST_cuk.png,HP,0,cuk
MHIST_cul.png,HP,1,cul
MHIST_cum.png,HP,0,cum
MHIST_cun.png,HP,1,cun
MHIST_cuo.png,HP,1,cuo
MHIST_cur.png,HP,3,cur
MHIST_cut.png,HP,0,cut
MHIST_cuv.png,SSA,5,cuv
MHIST_cuw.png,SSA,4,cuw
MHIST_cux.png,HP,0,cux
MHIST_cuz.png,HP,2,cuz
MHIST_cva.png,HP,1,cva
MHIST_cvc.png,HP,0,cvc
MHIST_cvf.png,HP,0,cvf
MHIST_cvg.png,HP,0,cvg
MHIST_cvi.png,HP,1,cvi
MHIST_cvj.png,HP,1,cvj
MHIST_cvk.png,HP,3,cvk
MHIST_cvl.png,HP,2,cvl
MHIST_cvm.png,HP,2,cvm
MHIST_cvr.png,HP,1,cvr
MHIST_cvs.png,HP,0,cvs
MHIST_cvv.png,HP,2,cvv
MHIST_cvx.png,SSA,5,cvx
MHIST_cvy.png,HP,0,cvy
MHIST_cwa.png,HP,3,cwa
MHIST_cwc.png,HP,0,cwc
MHIST_cwd.png,HP,3,cwd
MHIST_cwe.png,HP,2,cwe
MHIST_cwg.png,HP,0,cwg
MHIST_cwh.png,SSA,4,cwh
MHIST_cwi.png,HP,1,cwi
MHIST_cwj.png,HP,1,cwj
MHIST_cwl.png,HP,1,cwl
MHIST_cwm.png,HP,3,cwm
MHIST_cwo.png,HP,2,cwo
MHIST_cwp.png,HP,0,cwp
MHIST_cws.png,SSA,6,cws
MHIST_cwu.png,HP,0,cwu
MHIST_cwv.png,HP,2,cwv
MHIST_cwx.png,HP,2,cwx
MHIST_cwy.png,HP,0,cwy
MHIST_cxb.png,HP,1,cxb
MHIST_cxc.png,HP,2,cxc
MHIST_cxg.png,HP,1,cxg
MHIST_cxh.png,HP,0,cxh
MHIST_cxi.png,HP,0,cxi
MHIST_cxk.png,HP,0,cxk
MHIST_cxl.png,HP,2,cxl
MHIST_cxm.png,HP,0,cxm
MHIST_cxn.png,HP,0,cxn
MHIST_cxo.png,HP,0,cxo
MHIST_cxs.png,HP,0,cxs
MHIST_cxt.png,HP,2,cxt
MHIST_cxv.png,HP,0,cxv
MHIST_cxy.png,SSA,4,cxy
MHIST_cxz.png,HP,0,cxz
MHIST_cya.png,HP,0,cya
MHIST_cyc.png,HP,1,cyc
MHIST_cyd.png,HP,0,cyd
MHIST_cyg.png,HP,0,cyg
MHIST_cyh.png,HP,0,cyh
MHIST_cyi.png,HP,1,cyi
MHIST_cym.png,HP,2,cym
MHIST_cyo.png,HP,3,cyo
MHIST_cyp.png,HP,0,cyp
MHIST_cyq.png,HP,1,cyq
MHIST_cyr.png,HP,2,cyr
MHIST_cys.png,HP,0,cys
MHIST_cyt.png,SSA,4,cyt
MHIST_cyw.png,SSA,4,cyw
MHIST_cyy.png,HP,2,cyy
MHIST_cyz.png,HP,3,cyz
MHIST_czd.png,HP,0,czd
MHIST_czf.png,HP,2,czf
MHIST_czh.png,HP,0,czh
MHIST_czi.png,HP,2,czi
MHIST_czj.png,HP,3,czj
MHIST_czk.png,HP,2,czk
MHIST_czl.png,HP,1,czl
MHIST_czm.png,HP,2,czm
MHIST_czo.png,HP,2,czo
MHIST_czp.png,HP,0,czp
MHIST_czq.png,HP,0,czq
MHIST_czt.png,HP,0,czt
MHIST_czv.png,HP,1,czv
MHIST_czw.png,HP,3,czw
MHIST_czx.png,HP,2,czx
MHIST_czy.png,HP,1,czy
MHIST_czz.png,HP,1,czz
MHIST_daa.png,HP,3,daa
MHIST_dag.png,HP,2,dag
MHIST_dai.png,HP,1,dai
MHIST_daj.png,HP,1,daj
MHIST_dap.png,HP,1,dap
MHIST_das.png,HP,1,das
MHIST_dat.png,HP,1,dat
MHIST_dau.png,HP,1,dau
MHIST_day.png,HP,0,day
MHIST_daz.png,HP,0,daz
MHIST_dbc.png,SSA,6,dbc
MHIST_dbd.png,HP,3,dbd
MHIST_dbg.png,HP,0,dbg
MHIST_dbi.png,SSA,5,dbi
MHIST_dbm.png,SSA,4,dbm
MHIST_dbn.png,HP,2,dbn
MHIST_dbo.png,HP,2,dbo
MHIST_dbp.png,HP,0,dbp
MHIST_dbq.png,HP,0,dbq
MHIST_dbs.png,SSA,5,dbs
MHIST_dbt.png,HP,0,dbt
MHIST_dbv.png,HP,0,dbv
MHIST_dbw.png,HP,2,dbw
MHIST_dbx.png,HP,1,dbx
MHIST_dby.png,HP,2,dby
MHIST_dcb.png,HP,1,dcb
MHIST_dcd.png,HP,1,dcd
MHIST_dce.png,HP,1,dce
MHIST_dch.png,HP,1,dch
MHIST_dci.png,HP,3,dci
MHIST_dcj.png,HP,2,dcj
MHIST_dck.png,HP,3,dck
MHIST_dcl.png,HP,2,dcl
MHIST_dcn.png,HP,2,dcn
MHIST_dco.png,SSA,4,dco
MHIST_dcq.png,HP,1,dcq
MHIST_dcr.png,HP,0,dcr
MHIST_dcs.png,HP,0,dcs
MHIST_dct.png,HP,0,dct
MHIST_dcu.png,HP,0,dcu
MHIST_dcw.png,HP,2,dcw
MHIST_dcy.png,HP,2,dcy
MHIST_dcz.png,SSA,4,dcz
MHIST_dda.png,HP,1,dda
MHIST_ddc.png,HP,2,ddc
MHIST_dde.png,HP,1,dde
MHIST_ddh.png,HP,1,ddh
MHIST_ddl.png,HP,0,ddl
MHIST_ddm.png,HP,1,ddm
MHIST_ddp.png,HP,0,ddp
MHIST_ddq.png,HP,1,ddq
MHIST_dds.png,HP,0,dds
MHIST_ddt.png,HP,0,ddt
MHIST_ddx.png,HP,1,ddx
MHIST_ddy.png,SSA,4,ddy
MHIST_ddz.png,HP,2,ddz
MHIST_dea.png,HP,0,dea
MHIST_deb.png,HP,0,deb
MHIST_ded.png,HP,3,ded
MHIST_dee.png,HP,0,dee
MHIST_deg.png,HP,3,deg
MHIST_dek.png,SSA,4,dek
MHIST_del.png,HP,0,del
MHIST_dem.png,HP,0,dem
MHIST_deo.png,HP,0,deo
MHIST_dep.png,HP,0,dep
MHIST_des.png,HP,1,des
MHIST_det.png,HP,0,det
MHIST_deu.png,HP,2,deu
MHIST_dex.png,SSA,4,dex
MHIST_dez.png,HP,0,dez
MHIST_dfa.png,HP,0,dfa
MHIST_dfd.png,HP,3,dfd
MHIST_dff.png,HP,1,dff
MHIST_dfg.png,SSA,4,dfg
MHIST_dfh.png,HP,1,dfh
MHIST_dfj.png,HP,0,dfj
MHIST_dfo.png,HP,0,dfo
MHIST_dfq.png,HP,2,dfq
MHIST_dfs.png,HP,0,dfs
MHIST_dft.png,HP,1,dft
MHIST_dfu.png,HP,1,dfu
MHIST_dfw.png,HP,3,dfw
MHIST_dfx.png,HP,1,dfx
MHIST_dga.png,HP,1,dga
MHIST_dgb.png,HP,3,dgb
MHIST_dgd.png,HP,0,dgd
MHIST_dge.png,HP,0,dge
MHIST_dgf.png,HP,0,dgf
MHIST_dgg.png,HP,0,dgg
MHIST_dgh.png,HP,0,dgh
MHIST_dgl.png,HP,2,dgl
MHIST_dgm.png,HP,0,dgm
MHIST_dgn.png,HP,1,dgn
MHIST_dgo.png,HP,0,dgo
MHIST_dgq.png,HP,3,dgq
MHIST_dgt.png,HP,1,dgt
MHIST_dgv.png,HP,1,dgv
MHIST_dgw.png,HP,2,dgw
MHIST_dgx.png,HP,1,dgx
MHIST_dgy.png,HP,0,dgy
MHIST_dhd.png,HP,2,dhd
MHIST_dhe.png,HP,0,dhe
MHIST_dhh.png,SSA,5,dhh
MHIST_dhi.png,HP,1,dhi
MHIST_dhj.png,HP,0,dhj
MHIST_dhk.png,HP,3,dhk
MHIST_dhm.png,HP,2,dhm
MHIST_dhn.png,HP,2,dhn
MHIST_dhp.png,HP,0,dhp
MHIST_dhq.png,HP,1,dhq
MHIST_dhv.png,HP,0,dhv
MHIST_dhy.png,HP,0,dhy
MHIST_die.png,HP,1,die
MHIST_dif.png,HP,0,dif
MHIST_dig.png,HP,0,dig
MHIST_dih.png,SSA,4,dih
MHIST_dii.png,SSA,4,dii
MHIST_dil.png,HP,1,dil
MHIST_dim.png,HP,1,dim
MHIST_din.png,HP,0,din
MHIST_dip.png,HP,3,dip
MHIST_dis.png,HP,1,dis
MHIST_dit.png,HP,1,dit
MHIST_div.png,HP,1,div
MHIST_diw.png,HP,0,diw
MHIST_djf.png,HP,1,djf
MHIST_djl.png,HP,1,djl
MHIST_djm.png,HP,0,djm
MHIST_djo.png,HP,3,djo
MHIST_djq.png,HP,3,djq
MHIST_djs.png,HP,3,djs
MHIST_dju.png,HP,1,dju
MHIST_djv.png,HP,0,djv
MHIST_djy.png,HP,2,djy
MHIST_djz.png,HP,0,djz
MHIST_dka.png,HP,2,dka
MHIST_dkb.png,HP,3,dkb
MHIST_dkc.png,SSA,4,dkc
MHIST_dkd.png,SSA,4,dkd
MHIST_dke.png,HP,0,dke
MHIST_dkg.png,HP,1,dkg
MHIST_dki.png,SSA,5,dki
MHIST_dkm.png,HP,1,dkm
MHIST_dkp.png,HP,1,dkp
MHIST_dkq.png,HP,0,dkq
MHIST_dkr.png,HP,2,dkr
MHIST_dks.png,HP,0,dks
MHIST_dku.png,HP,2,dku
MHIST_dkv.png,HP,2,dkv
MHIST_dkw.png,HP,3,dkw
MHIST_dkx.png,SSA,6,dkx
MHIST_dky.png,HP,3,dky
MHIST_dkz.png,HP,0,dkz
MHIST_dla.png,HP,1,dla
MHIST_dlb.png,HP,1,dlb
MHIST_dlc.png,HP,1,dlc
MHIST_dld.png,SSA,4,dld
MHIST_dle.png,HP,2,dle
MHIST_dlh.png,HP,0,dlh
MHIST_dli.png,HP,0,dli
MHIST_dlk.png,HP,0,dlk
MHIST_dll.png,HP,0,dll
MHIST_dlm.png,SSA,5,dlm
MHIST_dlo.png,HP,0,dlo
MHIST_dlr.png,HP,1,dlr
MHIST_dls.png,HP,1,dls
MHIST_dlu.png,HP,1,dlu
MHIST_dlv.png,HP,2,dlv
MHIST_dlw.png,HP,1,dlw
MHIST_dlx.png,HP,0,dlx
MHIST_dly.png,HP,3,dly
MHIST_dlz.png,HP,0,dlz
MHIST_dma.png,SSA,4,dma
MHIST_dmb.png,HP,2,dmb
MHIST_dmc.png,HP,3,dmc
MHIST_dmd.png,HP,2,dmd
MHIST_dmk.png,HP,0,dmk
MHIST_dml.png,HP,2,dml
MHIST_dmm.png,HP,1,dmm
MHIST_dmn.png,HP,1,dmn
MHIST_dmp.png,HP,1,dmp
MHIST_dmt.png,HP,1,dmt
MHIST_dmu.png,HP,1,dmu
MHIST_dmv.png,HP,3,dmv
MHIST_dmy.png,HP,1,dmy
MHIST_dmz.png,HP,1,dmz
MHIST_dna.png,SSA,4,dna
MHIST_dnb.png,HP,1,dnb
MHIST_dne.png,HP,0,dne
MHIST_dnh.png,HP,3,dnh
MHIST_dnk.png,HP,1,dnk
MHIST_dnl.png,HP,2,dnl
MHIST_dnm.png,HP,1,dnm
MHIST_dnn.png,HP,2,dnn
MHIST_dno.png,HP,3,dno
MHIST_dnt.png,HP,0,dnt
MHIST_dnu.png,HP,0,dnu
MHIST_dnv.png,HP,0,dnv
MHIST_dnw.png,HP,0,dnw
MHIST_dnx.png,HP,1,dnx
MHIST_dny.png,HP,1,dny
MHIST_dnz.png,HP,3,dnz
MHIST_doa.png,HP,0,doa
MHIST_doc.png,HP,3,doc
MHIST_doe.png,HP,0,doe
MHIST_dof.png,HP,1,dof
MHIST_dok.png,SSA,4,dok
MHIST_dom.png,SSA,4,dom
MHIST_doq.png,HP,1,doq
MHIST_dor.png,HP,1,dor
MHIST_dos.png,HP,1,dos
MHIST_dot.png,HP,1,dot
MHIST_dox.png,HP,2,dox
MHIST_doy.png,SSA,4,doy
MHIST_dpb.png,SSA,4,dpb
MHIST_dpe.png,HP,1,dpe
MHIST_dpf.png,HP,0,dpf
MHIST_dph.png,HP,2,dph
MHIST_dpj.png,SSA,4,dpj
MHIST_dpk.png,HP,1,dpk
MHIST_dpm.png,HP,0,dpm
MHIST_dpp.png,SSA,4,dpp
MHIST_dpq.png,HP,1,dpq
MHIST_dpr.png,HP,1,dpr
MHIST_dps.png,HP,0,dps
MHIST_dpu.png,HP,1,dpu
MHIST_dpv.png,HP,0,dpv
MHIST_dpw.png,HP,0,dpw
MHIST_dpz.png,HP,1,dpz
MHIST_dqa.png,HP,0,dqa
MHIST_dqb.png,HP,0,dqb
MHIST_dqc.png,HP,0,dqc
MHIST_dqd.png,HP,0,dqd
MHIST_dqe.png,HP,0,dqe
MHIST_dqf.png,HP,0,dqf
MHIST_dqg.png,HP,1,dqg
MHIST_dqi.png,HP,0,dqi
MHIST_dqj.png,HP,2,dqj
MHIST_dql.png,HP,1,dql
MHIST_dqm.png,HP,3,dqm
MHIST_dqo.png,HP,1,dqo
MHIST_dqp.png,HP,0,dqp
MHIST_dqr.png,SSA,4,dqr
MHIST_dqt.png,SSA,4,dqt
MHIST_dqu.png,HP,0,dqu
MHIST_dqw.png,HP,2,dqw
MHIST_dqx.png,HP,1,dqx
MHIST_dqz.png,HP,0,dqz
MHIST_dra.png,HP,2,dra
MHIST_drd.png,HP,0,drd
MHIST_drf.png,SSA,6,drf
MHIST_drg.png,HP,0,drg
MHIST_dri.png,HP,0,dri
MHIST_drj.png,HP,1,drj
MHIST_drk.png,HP,2,drk
MHIST_drn.png,HP,2,drn
MHIST_dro.png,HP,2,dro
MHIST_drr.png,HP,0,drr
MHIST_drw.png,HP,0,drw
MHIST_drx.png,HP,0,drx
MHIST_dry.png,HP,2,dry
MHIST_drz.png,HP,1,drz
MHIST_dsf.png,HP,3,dsf
MHIST_dsh.png,HP,2,dsh
MHIST_dsj.png,HP,0,dsj
MHIST_dsk.png,SSA,4,dsk
MHIST_dsm.png,SSA,4,dsm
MHIST_dsn.png,HP,1,dsn
MHIST_dsp.png,HP,1,dsp
MHIST_dsq.png,HP,3,dsq
MHIST_dsr.png,HP,1,dsr
MHIST_dst.png,HP,0,dst
MHIST_dsu.png,HP,1,dsu
MHIST_dsv.png,HP,1,dsv
MHIST_dsw.png,HP,1,dsw
MHIST_dsx.png,HP,0,dsx
MHIST_dsz.png,HP,2,dsz
MHIST_dtb.png,HP,3,dtb
MHIST_dtd.png,HP,2,dtd
MHIST_dtf.png,HP,3,dtf
MHIST_dth.png,HP,0,dth
MHIST_dti.png,HP,0,dti
MHIST_dtk.png,HP,0,dtk
MHIST_dtp.png,HP,2,dtp
MHIST_dtr.png,HP,1,dtr
MHIST_dts.png,SSA,5,dts
MHIST_dtw.png,HP,1,dtw
MHIST_duc.png,HP,1,duc
MHIST_dud.png,HP,3,dud
MHIST_due.png,SSA,4,due
MHIST_duj.png,HP,3,duj
MHIST_duk.png,HP,3,duk
MHIST_duu.png,HP,1,duu
MHIST_duz.png,SSA,5,duz
MHIST_dvb.png,HP,0,dvb
MHIST_dvc.png,HP,0,dvc
MHIST_dvf.png,HP,1,dvf
MHIST_dvh.png,HP,1,dvh
MHIST_dvm.png,HP,2,dvm
MHIST_dvn.png,HP,2,dvn
MHIST_dvo.png,HP,1,dvo
MHIST_dvp.png,HP,0,dvp
MHIST_dvu.png,HP,0,dvu
MHIST_dvw.png,HP,3,dvw
MHIST_dvx.png,HP,2,dvx
MHIST_dwb.png,HP,1,dwb
MHIST_dwd.png,HP,0,dwd
MHIST_dwe.png,HP,1,dwe
MHIST_dwj.png,HP,2,dwj
MHIST_dwk.png,HP,1,dwk
MHIST_dwl.png,HP,3,dwl
MHIST_dwm.png,HP,1,dwm
MHIST_dwo.png,HP,2,dwo
MHIST_dwr.png,HP,1,dwr
MHIST_dwv.png,HP,0,dwv
MHIST_dww.png,HP,1,dww
MHIST_dwx.png,HP,1,dwx
MHIST_dwy.png,HP,1,dwy
MHIST_dxb.png,HP,3,dxb
MHIST_dxd.png,HP,3,dxd
MHIST_dxf.png,HP,3,dxf
MHIST_dxg.png,HP,1,dxg
MHIST_dxh.png,HP,1,dxh
MHIST_dxn.png,HP,1,dxn
MHIST_dxp.png,HP,3,dxp
MHIST_dxq.png,HP,2,dxq
MHIST_dxw.png,HP,1,dxw
MHIST_dxx.png,HP,0,dxx
MHIST_dxy.png,HP,2,dxy
MHIST_dxz.png,HP,2,dxz
MHIST_dya.png,HP,2,dya
MHIST_dyb.png,HP,1,dyb
MHIST_dyc.png,HP,1,dyc
MHIST_dyf.png,HP,2,dyf
MHIST_dyg.png,HP,3,dyg
MHIST_dyh.png,HP,0,dyh
MHIST_dyi.png,HP,2,dyi
MHIST_dyj.png,HP,0,dyj
MHIST_dyl.png,HP,0,dyl
MHIST_dym.png,HP,2,dym
MHIST_dyr.png,HP,1,dyr
MHIST_dys.png,HP,3,dys
MHIST_dyt.png,HP,1,dyt
MHIST_dyu.png,HP,1,dyu
MHIST_dyx.png,HP,0,dyx
MHIST_dyz.png,SSA,6,dyz
MHIST_dzf.png,HP,1,dzf
MHIST_dzg.png,HP,0,dzg
MHIST_dzh.png,HP,1,dzh
MHIST_dzi.png,HP,1,dzi
MHIST_dzj.png,HP,2,dzj
MHIST_dzk.png,SSA,4,dzk
MHIST_dzn.png,HP,1,dzn
MHIST_dzo.png,HP,1,dzo
MHIST_dzp.png,HP,1,dzp
MHIST_dzr.png,HP,2,dzr
MHIST_dzv.png,HP,2,dzv
MHIST_dzy.png,HP,1,dzy
MHIST_eaa.png,HP,1,eaa
MHIST_eab.png,SSA,4,eab
MHIST_ead.png,HP,0,ead
MHIST_eae.png,HP,3,eae
MHIST_eaj.png,SSA,4,eaj
MHIST_eal.png,HP,2,eal
MHIST_ean.png,HP,2,ean
MHIST_eaq.png,HP,2,eaq
MHIST_ear.png,HP,1,ear
MHIST_eas.png,HP,0,eas
MHIST_eat.png,HP,1,eat
MHIST_eau.png,SSA,4,eau
MHIST_eaw.png,HP,0,eaw
MHIST_eax.png,HP,1,eax
MHIST_eay.png,HP,1,eay
MHIST_eaz.png,HP,3,eaz
MHIST_eba.png,HP,2,eba
MHIST_ebb.png,HP,2,ebb
MHIST_ebe.png,HP,0,ebe
MHIST_ebf.png,HP,0,ebf
MHIST_ebg.png,HP,1,ebg
MHIST_ebi.png,HP,3,ebi
MHIST_ebj.png,HP,0,ebj
MHIST_ebm.png,HP,2,ebm
MHIST_ebn.png,HP,1,ebn
MHIST_ebo.png,HP,1,ebo
MHIST_ebq.png,HP,1,ebq
MHIST_ebr.png,HP,2,ebr
MHIST_ebs.png,HP,2,ebs
MHIST_ebv.png,HP,3,ebv
MHIST_ebw.png,HP,2,ebw
MHIST_ebx.png,HP,2,ebx
MHIST_ebz.png,SSA,5,ebz
MHIST_eca.png,HP,3,eca
MHIST_ecd.png,SSA,5,ecd
MHIST_ecf.png,HP,0,ecf
MHIST_ecg.png,HP,1,ecg
MHIST_eci.png,HP,0,eci
MHIST_ecm.png,HP,1,ecm
MHIST_ecp.png,SSA,4,ecp
MHIST_ecq.png,HP,3,ecq
MHIST_ecs.png,HP,0,ecs
MHIST_ect.png,HP,0,ect
MHIST_ecu.png,HP,1,ecu
MHIST_ecv.png,HP,2,ecv
MHIST_ecw.png,HP,0,ecw
MHIST_ecy.png,SSA,4,ecy
MHIST_edb.png,HP,0,edb
MHIST_edc.png,HP,3,edc
MHIST_ede.png,SSA,5,ede
MHIST_edk.png,HP,2,edk
MHIST_edq.png,HP,0,edq
MHIST_edr.png,HP,3,edr
MHIST_edt.png,HP,0,edt
MHIST_edu.png,HP,0,edu
MHIST_edv.png,HP,1,edv
MHIST_edw.png,HP,0,edw
MHIST_edx.png,HP,1,edx
MHIST_edy.png,HP,1,edy
MHIST_edz.png,HP,1,edz
MHIST_eea.png,HP,0,eea
MHIST_eeb.png,HP,0,eeb
MHIST_eed.png,HP,0,eed
MHIST_eeg.png,HP,3,eeg
MHIST_eei.png,HP,1,eei
MHIST_eej.png,HP,2,eej
MHIST_eek.png,SSA,5,eek
MHIST_eel.png,HP,3,eel
MHIST_eem.png,HP,1,eem
MHIST_eep.png,HP,1,eep
MHIST_eer.png,HP,3,eer
MHIST_ees.png,HP,1,ees
MHIST_eet.png,HP,1,eet
MHIST_eeu.png,HP,2,eeu
MHIST_eev.png,HP,0,eev
MHIST_eew.png,HP,0,eew
MHIST_eex.png,SSA,4,eex
MHIST_eez.png,HP,2,eez
MHIST_efc.png,HP,1,efc
MHIST_efe.png,SSA,4,efe
MHIST_efg.png,HP,1,efg
MHIST_efi.png,HP,0,efi
MHIST_efj.png,HP,0,efj
MHIST_efk.png,HP,3,efk
MHIST_efm.png,HP,1,efm
MHIST_efn.png,HP,2,efn
MHIST_efp.png,HP,3,efp
MHIST_efq.png,HP,3,efq
MHIST_eft.png,HP,1,eft
MHIST_efx.png,HP,1,efx
MHIST_ega.png,HP,1,ega
MHIST_egc.png,HP,1,egc
MHIST_egg.png,HP,3,egg
MHIST_egh.png,SSA,4,egh
MHIST_egj.png,HP,0,egj
MHIST_egl.png,HP,0,egl
MHIST_egm.png,HP,0,egm
MHIST_egn.png,SSA,5,egn
MHIST_ego.png,HP,0,ego
MHIST_egp.png,SSA,4,egp
MHIST_egq.png,HP,1,egq
MHIST_egr.png,HP,3,egr
MHIST_egs.png,HP,3,egs
MHIST_egt.png,HP,1,egt
MHIST_egu.png,HP,2,egu
MHIST_egv.png,HP,3,egv
MHIST_egx.png,HP,2,egx
MHIST_egy.png,HP,2,egy
MHIST_ehe.png,HP,0,ehe
MHIST_ehf.png,HP,0,ehf
MHIST_ehi.png,HP,1,ehi
MHIST_ehj.png,HP,1,ehj
MHIST_ehl.png,HP,2,ehl
MHIST_ehp.png,HP,0,ehp
MHIST_ehq.png,HP,0,ehq
MHIST_ehr.png,SSA,5,ehr
MHIST_eht.png,HP,0,eht
MHIST_ehu.png,HP,0,ehu
MHIST_ehv.png,HP,0,ehv
MHIST_ehx.png,HP,2,ehx
MHIST_ehy.png,HP,1,ehy
MHIST_eia.png,HP,1,eia
MHIST_eid.png,HP,0,eid
MHIST_eif.png,HP,0,eif
MHIST_eig.png,HP,1,eig
MHIST_eih.png,HP,3,eih
MHIST_eij.png,HP,2,eij
MHIST_eik.png,HP,1,eik
MHIST_eim.png,HP,1,eim
MHIST_ein.png,HP,2,ein
MHIST_eip.png,HP,0,eip
MHIST_eis.png,HP,2,eis
MHIST_eit.png,SSA,4,eit
MHIST_eiw.png,HP,0,eiw
MHIST_eix.png,HP,1,eix
MHIST_eiz.png,HP,1,eiz
MHIST_eja.png,HP,3,eja
MHIST_ejb.png,HP,2,ejb
MHIST_ejc.png,HP,1,ejc
MHIST_eje.png,HP,1,eje
MHIST_ejg.png,HP,1,ejg
MHIST_eji.png,HP,0,eji
MHIST_ejj.png,HP,0,ejj
MHIST_ejk.png,HP,1,ejk
MHIST_ejl.png,HP,0,ejl
MHIST_ejp.png,HP,3,ejp
MHIST_ejq.png,HP,3,ejq
MHIST_ejs.png,SSA,4,ejs
MHIST_ejt.png,HP,3,ejt
MHIST_eju.png,HP,1,eju
MHIST_ejv.png,SSA,4,ejv
MHIST_ejw.png,HP,3,ejw
MHIST_ejx.png,HP,0,ejx
MHIST_ejy.png,HP,1,ejy
MHIST_ejz.png,HP,2,ejz
MHIST_eka.png,HP,2,eka
MHIST_ekb.png,HP,1,ekb
MHIST_ekd.png,HP,2,ekd
MHIST_eki.png,HP,3,eki
MHIST_ekk.png,HP,1,ekk
MHIST_ekl.png,HP,1,ekl
MHIST_eko.png,HP,2,eko
MHIST_ekp.png,HP,1,ekp
MHIST_ekq.png,SSA,4,ekq
MHIST_ekr.png,HP,3,ekr
MHIST_eks.png,HP,2,eks
MHIST_ekt.png,HP,1,ekt
MHIST_eku.png,HP,1,eku
MHIST_ekv.png,HP,1,ekv
MHIST_ekw.png,HP,1,ekw
MHIST_ekz.png,HP,1,ekz
MHIST_elc.png,HP,0,elc
MHIST_eld.png,SSA,4,eld
MHIST_elg.png,HP,0,elg
MHIST_elm.png,HP,0,elm
MHIST_elp.png,HP,0,elp
MHIST_elq.png,HP,0,elq
MHIST_elr.png,HP,1,elr
MHIST_ely.png,HP,0,ely
MHIST_elz.png,HP,0,elz
MHIST_emb.png,HP,0,emb
MHIST_emc.png,SSA,4,emc
MHIST_emd.png,HP,1,emd
MHIST_eme.png,HP,1,eme
MHIST_emh.png,HP,0,emh
MHIST_emi.png,HP,0,emi
MHIST_emj.png,HP,1,emj
MHIST_emk.png,HP,3,emk
MHIST_eml.png,HP,0,eml
MHIST_emm.png,HP,0,emm
MHIST_emn.png,HP,0,emn
MHIST_emo.png,HP,0,emo
MHIST_emt.png,HP,3,emt
MHIST_emw.png,SSA,4,emw
MHIST_emz.png,HP,1,emz
MHIST_enb.png,HP,0,enb
MHIST_enf.png,HP,0,enf
MHIST_eng.png,HP,0,eng
MHIST_enh.png,HP,0,enh
MHIST_eni.png,HP,1,eni
MHIST_enj.png,HP,1,enj
MHIST_enn.png,HP,0,enn
MHIST_eno.png,HP,0,eno
MHIST_enp.png,HP,2,enp
MHIST_ens.png,HP,3,ens
MHIST_ent.png,HP,2,ent
MHIST_enw.png,HP,1,enw
MHIST_eoa.png,HP,0,eoa
MHIST_eob.png,HP,0,eob
MHIST_eof.png,HP,0,eof
MHIST_eog.png,HP,0,eog
MHIST_eoi.png,HP,1,eoi
MHIST_eoj.png,HP,1,eoj
MHIST_eok.png,HP,0,eok
MHIST_eom.png,HP,0,eom
MHIST_eon.png,HP,0,eon
MHIST_eoo.png,HP,1,eoo
MHIST_eos.png,HP,0,eos
MHIST_eot.png,HP,0,eot
MHIST_eou.png,HP,1,eou
MHIST_eoy.png,HP,0,eoy
MHIST_eoz.png,HP,0,eoz
MHIST_epa.png,HP,0,epa
MHIST_epb.png,HP,0,epb
MHIST_epc.png,HP,1,epc
MHIST_epd.png,HP,0,epd
MHIST_epe.png,HP,0,epe
MHIST_epg.png,HP,2,epg
MHIST_eph.png,SSA,4,eph
MHIST_epi.png,HP,2,epi
MHIST_epq.png,HP,0,epq
MHIST_epu.png,HP,0,epu
MHIST_epv.png,HP,0,epv
MHIST_epw.png,HP,0,epw
MHIST_epz.png,HP,3,epz
MHIST_eqb.png,HP,0,eqb
MHIST_eqd.png,HP,0,eqd
MHIST_eqf.png,HP,1,eqf
MHIST_eqh.png,HP,3,eqh
MHIST_eqk.png,HP,1,eqk
MHIST_eql.png,HP,2,eql
MHIST_eqm.png,SSA,4,eqm
MHIST_eqn.png,HP,1,eqn
MHIST_eqq.png,HP,0,eqq
MHIST_eqr.png,HP,1,eqr
MHIST_eqs.png,HP,2,eqs
MHIST_eqw.png,SSA,4,eqw
MHIST_era.png,HP,2,era
MHIST_erb.png,HP,2,erb
MHIST_ere.png,HP,1,ere
MHIST_erf.png,HP,1,erf
MHIST_aei.png,SSA,5,aei
MHIST_afk.png,HP,2,afk
MHIST_aip.png,SSA,4,aip
MHIST_akh.png,HP,3,akh
MHIST_akq.png,SSA,4,akq
MHIST_akr.png,SSA,5,akr
MHIST_apw.png,HP,2,apw
MHIST_asz.png,HP,2,asz
MHIST_atn.png,HP,3,atn
MHIST_awn.png,SSA,5,awn
MHIST_awr.png,HP,2,awr
MHIST_axd.png,SSA,4,axd
MHIST_bco.png,HP,2,bco
MHIST_bhk.png,HP,3,bhk
MHIST_bma.png,HP,2,bma
MHIST_bpz.png,HP,3,bpz
MHIST_cpy.png,SSA,4,cpy
MHIST_crg.png,HP,3,crg
MHIST_cvh.png,HP,2,cvh
MHIST_ddv.png,HP,3,ddv
MHIST_dnp.png,SSA,4,dnp
MHIST_dwz.png,HP,2,dwz
MHIST_ecb.png,HP,3,ecb
MHIST_eln.png,HP,3,eln
MHIST_eoe.png,SSA,5,eoe
MHIST_abi.png,SSA,6,abi
MHIST_aed.png,SSA,4,aed
MHIST_aeh.png,SSA,5,aeh
MHIST_age.png,SSA,6,age
MHIST_agf.png,SSA,6,agf
MHIST_ahl.png,SSA,4,ahl
MHIST_alh.png,HP,3,alh
MHIST_aln.png,SSA,5,aln
MHIST_apn.png,SSA,6,apn
MHIST_apt.png,SSA,4,apt
MHIST_aqp.png,SSA,4,aqp
MHIST_atj.png,SSA,4,atj
MHIST_auq.png,SSA,4,auq
MHIST_awg.png,SSA,4,awg
MHIST_aya.png,SSA,5,aya
MHIST_ayv.png,SSA,5,ayv
MHIST_azj.png,SSA,4,azj
MHIST_bbh.png,SSA,4,bbh
MHIST_bbw.png,SSA,5,bbw
MHIST_beb.png,HP,3,beb
MHIST_bee.png,HP,3,bee
MHIST_bew.png,SSA,5,bew
MHIST_bff.png,SSA,4,bff
MHIST_bfn.png,HP,2,bfn
MHIST_bgc.png,SSA,4,bgc
MHIST_bgh.png,SSA,5,bgh
MHIST_bgl.png,HP,3,bgl
MHIST_bgp.png,SSA,5,bgp
MHIST_bgv.png,SSA,5,bgv
MHIST_bie.png,SSA,4,bie
MHIST_biw.png,SSA,5,biw
MHIST_bjs.png,SSA,5,bjs
MHIST_bkl.png,SSA,5,bkl
MHIST_blt.png,SSA,4,blt
MHIST_blu.png,SSA,6,blu
MHIST_blz.png,HP,3,blz
MHIST_bms.png,SSA,6,bms
MHIST_bnp.png,SSA,4,bnp
MHIST_bnr.png,SSA,4,bnr
MHIST_bow.png,SSA,5,bow
MHIST_boy.png,SSA,4,boy
MHIST_bpj.png,SSA,4,bpj
MHIST_bqe.png,SSA,5,bqe
MHIST_bqk.png,SSA,5,bqk
MHIST_bqn.png,SSA,4,bqn
MHIST_brl.png,SSA,4,brl
MHIST_brw.png,SSA,6,brw
MHIST_bsx.png,SSA,6,bsx
MHIST_btt.png,SSA,6,btt
MHIST_btu.png,SSA,5,btu
MHIST_bvn.png,SSA,5,bvn
MHIST_bvq.png,SSA,4,bvq
MHIST_bwu.png,SSA,4,bwu
MHIST_bym.png,SSA,6,bym
MHIST_byy.png,SSA,6,byy
MHIST_byz.png,SSA,4,byz
MHIST_bzk.png,SSA,5,bzk
MHIST_bzw.png,SSA,6,bzw
MHIST_cdy.png,SSA,4,cdy
MHIST_cfy.png,SSA,4,cfy
MHIST_chp.png,SSA,5,chp
MHIST_cnv.png,SSA,5,cnv
MHIST_cnw.png,SSA,4,cnw
MHIST_cny.png,SSA,4,cny
MHIST_crs.png,SSA,6,crs
MHIST_cwt.png,SSA,4,cwt
MHIST_cye.png,SSA,5,cye
MHIST_dam.png,SSA,6,dam
MHIST_dav.png,SSA,6,dav
MHIST_dbz.png,SSA,5,dbz
MHIST_dcm.png,SSA,6,dcm
MHIST_ddw.png,SSA,6,ddw
MHIST_dgs.png,SSA,5,dgs
MHIST_djk.png,SSA,4,djk
MHIST_dkj.png,SSA,4,dkj
MHIST_dkn.png,SSA,5,dkn
MHIST_dmj.png,SSA,5,dmj
MHIST_doh.png,SSA,5,doh
MHIST_dpl.png,SSA,4,dpl
MHIST_dpo.png,SSA,6,dpo
MHIST_dpt.png,SSA,4,dpt
MHIST_dsi.png,SSA,4,dsi
MHIST_dso.png,SSA,6,dso
MHIST_dtu.png,SSA,5,dtu
MHIST_dui.png,SSA,5,dui
MHIST_duq.png,SSA,4,duq
MHIST_dvk.png,SSA,5,dvk
MHIST_dvr.png,SSA,6,dvr
MHIST_dwc.png,SSA,6,dwc
MHIST_dwq.png,SSA,6,dwq
MHIST_dxe.png,SSA,5,dxe
MHIST_edl.png,SSA,5,edl
MHIST_eef.png,SSA,5,eef
MHIST_een.png,SSA,5,een
MHIST_efa.png,SSA,6,efa
MHIST_efo.png,SSA,5,efo
MHIST_egk.png,SSA,6,egk
MHIST_egw.png,SSA,5,egw
MHIST_eiq.png,SSA,5,eiq
MHIST_eiu.png,SSA,5,eiu
MHIST_eiv.png,SSA,6,eiv
MHIST_ejh.png,SSA,6,ejh
MHIST_ejn.png,SSA,5,ejn
MHIST_elf.png,SSA,4,elf
MHIST_ema.png,SSA,5,ema
MHIST_emg.png,SSA,5,emg
MHIST_epm.png,SSA,5,epm
MHIST_epn.png,SSA,6,epn
MHIST_epr.png,SSA,5,epr
MHIST_erc.png,SSA,6,erc
MHIST_cdd.png,SSA,5,cdd
MHIST_ctf.png,SSA,4,ctf
MHIST_eox.png,SSA,5,eox
MHIST_bsk.png,SSA,6,bsk
MHIST_cma.png,SSA,5,cma
MHIST_cor.png,SSA,5,cor
MHIST_cup.png,SSA,5,cup
MHIST_dbk.png,SSA,6,dbk
MHIST_dxm.png,SSA,5,dxm
MHIST_aqb.png,SSA,5,aqb
MHIST_aqf.png,SSA,5,aqf
MHIST_awj.png,SSA,6,awj
MHIST_axh.png,SSA,5,axh
MHIST_ayc.png,SSA,5,ayc
MHIST_ayn.png,SSA,5,ayn
MHIST_azu.png,SSA,6,azu
MHIST_bos.png,SSA,5,bos
MHIST_cbc.png,SSA,6,cbc
MHIST_cms.png,SSA,5,cms
MHIST_cnz.png,SSA,6,cnz
MHIST_cph.png,SSA,6,cph
MHIST_cpu.png,SSA,6,cpu
MHIST_cqc.png,SSA,6,cqc
MHIST_daf.png,SSA,6,daf
MHIST_dfk.png,SSA,5,dfk
MHIST_dgi.png,SSA,6,dgi
MHIST_dia.png,SSA,6,dia
MHIST_djx.png,SSA,6,djx
MHIST_dkt.png,SSA,6,dkt
MHIST_dms.png,SSA,6,dms
MHIST_dol.png,SSA,6,dol
MHIST_dtv.png,SSA,6,dtv
MHIST_dup.png,SSA,6,dup
MHIST_dwu.png,SSA,6,dwu
MHIST_dxr.png,SSA,6,dxr
MHIST_eee.png,SSA,5,eee
MHIST_ehn.png,SSA,6,ehn
MHIST_eor.png,SSA,6,eor
MHIST_eqo.png,SSA,6,eqo
MHIST_aan.png,SSA,6,aan
MHIST_agj.png,SSA,6,agj
MHIST_ahc.png,SSA,6,ahc
MHIST_ahu.png,SSA,6,ahu
MHIST_aiq.png,SSA,6,aiq
MHIST_akm.png,SSA,6,akm
MHIST_amg.png,SSA,6,amg
MHIST_amj.png,SSA,6,amj
MHIST_anp.png,SSA,6,anp
MHIST_anx.png,SSA,6,anx
MHIST_anz.png,SSA,6,anz
MHIST_aoc.png,SSA,6,aoc
MHIST_aog.png,SSA,6,aog
MHIST_aoh.png,SSA,6,aoh
MHIST_aoi.png,SSA,6,aoi
MHIST_aoj.png,SSA,6,aoj
MHIST_aor.png,SSA,6,aor
MHIST_apv.png,SSA,6,apv
MHIST_aqd.png,SSA,6,aqd
MHIST_aqs.png,SSA,6,aqs
MHIST_arn.png,SSA,6,arn
MHIST_asx.png,SSA,6,asx
MHIST_ate.png,SSA,6,ate
MHIST_atk.png,SSA,6,atk
MHIST_avr.png,SSA,6,avr
MHIST_avv.png,SSA,6,avv
MHIST_awo.png,SSA,6,awo
MHIST_aww.png,SSA,6,aww
MHIST_axa.png,SSA,6,axa
MHIST_axp.png,SSA,6,axp
MHIST_axv.png,SSA,6,axv
MHIST_ayo.png,SSA,6,ayo
MHIST_azp.png,SSA,6,azp
MHIST_azq.png,SSA,6,azq
MHIST_bam.png,SSA,6,bam
MHIST_bao.png,SSA,6,bao
MHIST_bax.png,SSA,6,bax
MHIST_bbg.png,SSA,6,bbg
MHIST_bbt.png,SSA,6,bbt
MHIST_bce.png,SSA,6,bce
MHIST_bdp.png,SSA,6,bdp
MHIST_beo.png,SSA,6,beo
MHIST_beu.png,SSA,6,beu
MHIST_bev.png,SSA,6,bev
MHIST_bfg.png,SSA,6,bfg
MHIST_bfq.png,SSA,6,bfq
MHIST_bgb.png,SSA,6,bgb
MHIST_bgf.png,SSA,6,bgf
MHIST_bhl.png,SSA,6,bhl
MHIST_bhs.png,SSA,6,bhs
MHIST_bhw.png,SSA,6,bhw
MHIST_bib.png,SSA,6,bib
MHIST_bih.png,SSA,6,bih
MHIST_bii.png,SSA,6,bii
MHIST_bja.png,SSA,6,bja
MHIST_bjp.png,SSA,6,bjp
MHIST_bkb.png,SSA,6,bkb
MHIST_bkd.png,SSA,6,bkd
MHIST_bks.png,SSA,6,bks
MHIST_bky.png,SSA,6,bky
MHIST_bnf.png,SSA,6,bnf
MHIST_bop.png,SSA,6,bop
MHIST_bor.png,SSA,6,bor
MHIST_bpb.png,SSA,6,bpb
MHIST_bpp.png,SSA,6,bpp
MHIST_bql.png,SSA,6,bql
MHIST_bsj.png,SSA,6,bsj
MHIST_bwa.png,SSA,6,bwa
MHIST_byh.png,SSA,6,byh
MHIST_cbu.png,SSA,6,cbu
MHIST_ccd.png,SSA,6,ccd
MHIST_cfi.png,SSA,6,cfi
MHIST_cfx.png,SSA,6,cfx
MHIST_cic.png,SSA,6,cic
MHIST_cln.png,SSA,6,cln
MHIST_clw.png,SSA,6,clw
MHIST_cmj.png,SSA,6,cmj
MHIST_cml.png,SSA,6,cml
MHIST_crk.png,SSA,6,crk
MHIST_czb.png,SSA,6,czb
MHIST_czs.png,SSA,6,czs
MHIST_dhb.png,SSA,6,dhb
MHIST_dho.png,SSA,6,dho
MHIST_dhu.png,SSA,6,dhu
MHIST_diy.png,SSA,6,diy
MHIST_dog.png,SSA,7,dog
MHIST_cqg.png,SSA,7,cqg
MHIST_dwa.png,SSA,7,dwa
MHIST_cpc.png,SSA,7,cpc
MHIST_cso.png,SSA,7,cso
MHIST_eqa.png,SSA,7,eqa
MHIST_buo.png,SSA,7,buo
MHIST_ehc.png,SSA,7,ehc
MHIST_ekx.png,SSA,7,ekx
MHIST_eky.png,SSA,7,eky
MHIST_aiu.png,SSA,7,aiu
MHIST_dtl.png,SSA,7,dtl
MHIST_chs.png,SSA,7,chs
MHIST_dao.png,SSA,7,dao
MHIST_dcp.png,SSA,7,dcp
MHIST_dty.png,SSA,7,dty
MHIST_cpw.png,SSA,7,cpw
MHIST_dtn.png,SSA,7,dtn
MHIST_aet.png,SSA,7,aet
MHIST_bws.png,SSA,7,bws
MHIST_bzc.png,SSA,7,bzc
MHIST_bum.png,SSA,7,bum
MHIST_dvg.png,SSA,7,dvg
MHIST_cjo.png,SSA,7,cjo
MHIST_dmi.png,SSA,7,dmi
MHIST_crm.png,SSA,7,crm
MHIST_aji.png,SSA,7,aji
MHIST_dwp.png,SSA,7,dwp
MHIST_adu.png,SSA,7,adu
MHIST_eqp.png,SSA,7,eqp
MHIST_eec.png,SSA,7,eec
MHIST_edp.png,SSA,7,edp
MHIST_dcc.png,SSA,7,dcc
MHIST_cgx.png,SSA,7,cgx
MHIST_dxk.png,SSA,7,dxk
MHIST_dzt.png,SSA,7,dzt
MHIST_bze.png,SSA,7,bze
MHIST_efl.png,SSA,7,efl
MHIST_eic.png,SSA,7,eic
MHIST_dyy.png,SSA,7,dyy
MHIST_dzb.png,SSA,7,dzb
MHIST_acc.png,SSA,7,acc
MHIST_cyx.png,SSA,7,cyx
MHIST_ebt.png,SSA,7,ebt
MHIST_cwr.png,SSA,7,cwr
MHIST_ddu.png,SSA,7,ddu
MHIST_deq.png,SSA,7,deq
MHIST_cot.png,SSA,7,cot
MHIST_coc.png,SSA,7,coc
MHIST_cne.png,SSA,7,cne
MHIST_dht.png,SSA,7,dht
MHIST_ccu.png,SSA,7,ccu
MHIST_cvt.png,SSA,7,cvt
MHIST_cwq.png,SSA,7,cwq
MHIST_cvu.png,SSA,7,cvu
MHIST_djj.png,SSA,7,djj
MHIST_diu.png,SSA,7,diu
MHIST_djn.png,SSA,7,djn
MHIST_cod.png,SSA,7,cod
MHIST_drh.png,SSA,7,drh
MHIST_cty.png,SSA,7,cty
MHIST_ebd.png,SSA,7,ebd
MHIST_ccf.png,SSA,7,ccf
MHIST_dew.png,SSA,7,dew
MHIST_cmz.png,SSA,7,cmz
MHIST_dhr.png,SSA,7,dhr
MHIST_cnc.png,SSA,7,cnc
MHIST_cui.png,SSA,7,cui
MHIST_eov.png,SSA,7,eov
MHIST_ebp.png,SSA,7,ebp
MHIST_czg.png,SSA,7,czg
MHIST_abt.png,SSA,7,abt
MHIST_acp.png,SSA,7,acp
MHIST_dqq.png,SSA,7,dqq
MHIST_cnb.png,SSA,7,cnb
MHIST_dhs.png,SSA,7,dhs
MHIST_ddj.png,SSA,7,ddj
MHIST_dsc.png,SSA,7,dsc
MHIST_bse.png,SSA,7,bse
MHIST_elv.png,SSA,7,elv
MHIST_ecn.png,SSA,7,ecn
MHIST_elw.png,SSA,7,elw
MHIST_abo.png,SSA,7,abo
MHIST_dpn.png,SSA,7,dpn
MHIST_djw.png,SSA,7,djw
MHIST_dkf.png,SSA,7,dkf
MHIST_cac.png,SSA,7,cac
MHIST_cbo.png,SSA,7,cbo
MHIST_dqh.png,SSA,7,dqh
MHIST_bsq.png,SSA,7,bsq
MHIST_enk.png,SSA,7,enk
MHIST_cxw.png,SSA,7,cxw
MHIST_dsa.png,SSA,7,dsa
MHIST_dre.png,SSA,7,dre
MHIST_cab.png,SSA,7,cab
MHIST_dik.png,SSA,7,dik
MHIST_deh.png,SSA,7,deh
MHIST_drv.png,SSA,7,drv
MHIST_cvo.png,SSA,7,cvo
MHIST_dse.png,SSA,7,dse
MHIST_bfu.png,SSA,7,bfu
MHIST_eav.png,SSA,7,eav
MHIST_dsd.png,SSA,7,dsd
MHIST_ctq.png,SSA,7,ctq
MHIST_cap.png,SSA,7,cap
MHIST_dei.png,SSA,7,dei
MHIST_car.png,SSA,7,car
MHIST_azm.png,SSA,7,azm
MHIST_ccm.png,SSA,7,ccm
MHIST_dgc.png,SSA,7,dgc
MHIST_alw.png,SSA,7,alw
MHIST_drb.png,SSA,7,drb
MHIST_cxp.png,SSA,7,cxp
MHIST_bqh.png,SSA,7,bqh
MHIST_bpl.png,SSA,7,bpl
MHIST_eoh.png,SSA,7,eoh
MHIST_eck.png,SSA,7,eck
MHIST_bfv.png,SSA,7,bfv
MHIST_eby.png,SSA,7,eby
MHIST_ecj.png,SSA,7,ecj
MHIST_bfw.png,SSA,7,bfw
MHIST_emv.png,SSA,7,emv
MHIST_bio.png,SSA,7,bio
MHIST_cxf.png,SSA,7,cxf
MHIST_czn.png,SSA,7,czn
MHIST_cyu.png,SSA,7,cyu
MHIST_ala.png,SSA,7,ala
MHIST_cua.png,SSA,7,cua
MHIST_drt.png,SSA,7,drt
MHIST_ayw.png,SSA,7,ayw
MHIST_djr.png,SSA,7,djr
MHIST_ckw.png,SSA,7,ckw
MHIST_dae.png,SSA,7,dae
MHIST_cfg.png,SSA,7,cfg
MHIST_cgt.png,SSA,7,cgt
MHIST_ajf.png,SSA,7,ajf
MHIST_cqy.png,SSA,7,cqy
MHIST_cqn.png,SSA,7,cqn
MHIST_aij.png,SSA,7,aij
MHIST_btb.png,SSA,7,btb
MHIST_ekf.png,SSA,7,ekf
MHIST_bbx.png,SSA,7,bbx
MHIST_egd.png,SSA,7,egd
MHIST_ehk.png,SSA,7,ehk
MHIST_bwo.png,SSA,7,bwo
MHIST_bug.png,SSA,7,bug
MHIST_dwi.png,SSA,7,dwi
MHIST_dte.png,SSA,7,dte
MHIST_dua.png,SSA,7,dua
MHIST_dmg.png,SSA,7,dmg
MHIST_chz.png,SSA,7,chz
MHIST_ckc.png,SSA,7,ckc
MHIST_dni.png,SSA,7,dni
MHIST_cfd.png,SSA,7,cfd
MHIST_dbj.png,SSA,7,dbj
MHIST_dtg.png,SSA,7,dtg
MHIST_ahz.png,SSA,7,ahz
MHIST_cse.png,SSA,7,cse
MHIST_ajr.png,SSA,7,ajr
MHIST_dxs.png,SSA,7,dxs
MHIST_dyw.png,SSA,7,dyw
MHIST_bxb.png,SSA,7,bxb
MHIST_efb.png,SSA,7,efb
MHIST_efu.png,SSA,7,efu
MHIST_bbm.png,SSA,7,bbm
MHIST_eil.png,SSA,7,eil
MHIST_blf.png,SSA,7,blf
MHIST_bwl.png,SSA,7,bwl
MHIST_epy.png,SSA,7,epy
MHIST_dzz.png,SSA,7,dzz
MHIST_cql.png,SSA,7,cql
MHIST_dcx.png,SSA,7,dcx
MHIST_cjf.png,SSA,7,cjf
MHIST_dmw.png,SSA,7,dmw
MHIST_ail.png,SSA,7,ail
MHIST_dvj.png,SSA,7,dvj
MHIST_duf.png,SSA,7,duf
MHIST_dxa.png,SSA,7,dxa
MHIST_eqy.png,SSA,7,eqy
MHIST_bnj.png,SSA,7,bnj
MHIST_bon.png,SSA,7,bon
MHIST_bbi.png,SSA,7,bbi
MHIST_edo.png,SSA,7,edo
MHIST_bcl.png,SSA,7,bcl
MHIST_blc.png,SSA,7,blc
MHIST_eii.png,SSA,7,eii
MHIST_boo.png,SSA,7,boo
MHIST_bmp.png,SSA,7,bmp
MHIST_bxq.png,SSA,7,bxq
MHIST_byu.png,SSA,7,byu
MHIST_bzn.png,SSA,7,bzn
MHIST_eqx.png,SSA,7,eqx
MHIST_ake.png,SSA,7,ake
MHIST_dtt.png,SSA,7,dtt
MHIST_cjc.png,SSA,7,cjc
MHIST_cjv.png,SSA,7,cjv
MHIST_cja.png,SSA,7,cja
MHIST_daw.png,SSA,7,daw
MHIST_cgf.png,SSA,7,cgf
MHIST_cfb.png,SSA,7,cfb
MHIST_cst.png,SSA,7,cst
MHIST_ahk.png,SSA,7,ahk
MHIST_crp.png,SSA,7,crp
MHIST_csc.png,SSA,7,csc
MHIST_dyq.png,SSA,7,dyq
MHIST_ags.png,SSA,7,ags
MHIST_bvx.png,SSA,7,bvx
MHIST_byw.png,SSA,7,byw
MHIST_bcn.png,SSA,7,bcn
MHIST_eeh.png,SSA,7,eeh
MHIST_bcy.png,SSA,7,bcy
MHIST_ejf.png,SSA,7,ejf
MHIST_bxe.png,SSA,7,bxe
MHIST_bxr.png,SSA,7,bxr
MHIST_bub.png,SSA,7,bub
MHIST_bvy.png,SSA,7,bvy
MHIST_cpn.png,SSA,7,cpn
MHIST_dlf.png,SSA,7,dlf
MHIST_cks.png,SSA,7,cks
