name,experts,label
MHIST_aaa.png,6,1
MHIST_aab.png,0,0
MHIST_aac.png,5,1
MHIST_aae.png,1,0
MHIST_aaf.png,5,1
MHIST_aai.png,3,0
MHIST_aaj.png,0,0
MHIST_aak.png,2,0
MHIST_aal.png,5,1
MHIST_aam.png,0,0
MHIST_aao.png,0,0
MHIST_aap.png,2,0
MHIST_aas.png,4,1
MHIST_aat.png,0,0
MHIST_aau.png,0,0
MHIST_aav.png,0,0
MHIST_aaw.png,0,0
MHIST_aax.png,0,0
MHIST_aba.png,0,0
MHIST_abc.png,0,0
MHIST_abd.png,0,0
MHIST_abf.png,2,0
MHIST_abg.png,0,0
MHIST_abh.png,4,1
MHIST_abj.png,1,0
MHIST_abk.png,2,0
MHIST_abl.png,1,0
MHIST_abm.png,0,0
MHIST_abn.png,2,0
MHIST_abp.png,0,0
MHIST_abq.png,0,0
MHIST_abr.png,5,1
MHIST_abu.png,1,0
MHIST_abv.png,0,0
MHIST_abw.png,0,0
MHIST_aby.png,3,0
MHIST_abz.png,0,0
MHIST_aca.png,6,1
MHIST_acd.png,0,0
MHIST_ace.png,4,1
MHIST_acf.png,4,1
MHIST_ach.png,0,0
MHIST_aci.png,2,0
MHIST_acj.png,0,0
MHIST_ack.png,0,0
MHIST_acl.png,0,0
MHIST_acm.png,5,1
MHIST_acn.png,2,0
MHIST_acr.png,3,0
MHIST_acs.png,0,0
MHIST_act.png,1,0
MHIST_acu.png,0,0
MHIST_acv.png,4,1
MHIST_acx.png,1,0
MHIST_acz.png,0,0
MHIST_ada.png,5,1
MHIST_adb.png,0,0
MHIST_ade.png,2,0
MHIST_adf.png,0,0
MHIST_adg.png,0,0
MHIST_adh.png,2,0
MHIST_adi.png,1,0
MHIST_adk.png,6,1
MHIST_adl.png,3,0
MHIST_adm.png,3,0
MHIST_adn.png,2,0
MHIST_adp.png,0,0
MHIST_adq.png,1,0
MHIST_adr.png,6,1
MHIST_ads.png,0,0
MHIST_adt.png,0,0
MHIST_adv.png,0,0
MHIST_adw.png,0,0
MHIST_adz.png,2,0
MHIST_aea.png,2,0
MHIST_aef.png,2,0
MHIST_aeg.png,2,0
MHIST_ael.png,1,0
MHIST_aem.png,1,0
MHIST_aen.png,4,1
MHIST_aeo.png,1,0
MHIST_aer.png,0,0
MHIST_aeu.png,1,0
MHIST_aev.png,0,0
MHIST_aew.png,1,0
MHIST_aex.png,1,0
MHIST_aey.png,2,0
MHIST_afa.png,2,0
MHIST_afb.png,3,0
MHIST_afd.png,1,0
MHIST_afe.png,1,0
MHIST_afh.png,0,0
MHIST_afi.png,4,1
MHIST_afj.png,1,0
MHIST_afl.png,0,0
MHIST_afp.png,1,0
MHIST_afq.png,6,1
MHIST_afr.png,1,0
MHIST_aft.png,6,1
MHIST_afu.png,1,0
MHIST_afv.png,3,0
MHIST_afw.png,1,0
MHIST_afx.png,1,0
MHIST_afy.png,1,0
MHIST_afz.png,0,0
MHIST_aga.png,1,0
MHIST_agc.png,2,0
MHIST_agg.png,2,0
MHIST_agl.png,2,0
MHIST_agm.png,2,0
MHIST_agn.png,1,0
MHIST_ago.png,2,0
MHIST_agp.png,3,0
MHIST_agq.png,1,0
MHIST_agr.png,1,0
MHIST_agt.png,1,0
MHIST_agv.png,1,0
MHIST_agw.png,1,0
MHIST_agx.png,1,0
MHIST_agz.png,1,0
MHIST_ahe.png,0,0
MHIST_ahf.png,0,0
MHIST_ahg.png,0,0
MHIST_ahh.png,5,1
MHIST_ahi.png,1,0
MHIST_ahj.png,2,0
MHIST_ahm.png,2,0
MHIST_ahn.png,1,0
MHIST_ahp.png,0,0
MHIST_ahs.png,0,0
MHIST_aht.png,0,0
MHIST_ahv.png,3,0
MHIST_ahx.png,1,0
MHIST_ahy.png,1,0
MHIST_aia.png,5,1
MHIST_aib.png,1,0
MHIST_aic.png,3,0
MHIST_aid.png,1,0
MHIST_aig.png,1,0
MHIST_aih.png,4,1
MHIST_aii.png,2,0
MHIST_aik.png,3,0
MHIST_aio.png,1,0
MHIST_air.png,0,0
MHIST_ait.png,2,0
MHIST_aiv.png,0,0
MHIST_aiw.png,3,0
MHIST_aix.png,1,0
MHIST_aiy.png,1,0
MHIST_aiz.png,1,0
MHIST_aja.png,3,0
MHIST_ajb.png,2,0
MHIST_aje.png,2,0
MHIST_ajg.png,2,0
MHIST_ajh.png,2,0
MHIST_ajj.png,0,0
MHIST_ajk.png,4,1
MHIST_ajl.png,0,0
MHIST_ajm.png,0,0
MHIST_ajq.png,3,0
MHIST_ajs.png,1,0
MHIST_ajt.png,1,0
MHIST_ajv.png,1,0
MHIST_ajw.png,4,1
MHIST_ajx.png,4,1
MHIST_aka.png,1,0
MHIST_akb.png,3,0
MHIST_akf.png,2,0
MHIST_akg.png,1,0
MHIST_akj.png,0,0
MHIST_ako.png,2,0
MHIST_aks.png,4,1
MHIST_akt.png,1,0
MHIST_aku.png,1,0
MHIST_akw.png,4,1
MHIST_akz.png,1,0
MHIST_alb.png,1,0
MHIST_ald.png,0,0
MHIST_alf.png,0,0
MHIST_alj.png,1,0
MHIST_alk.png,0,0
MHIST_all.png,3,0
MHIST_alm.png,0,0
MHIST_alp.png,0,0
MHIST_alq.png,3,0
MHIST_alu.png,3,0
MHIST_alx.png,0,0
MHIST_aly.png,2,0
MHIST_alz.png,0,0
MHIST_ama.png,0,0
MHIST_amb.png,2,0
MHIST_amc.png,3,0
MHIST_amd.png,1,0
MHIST_amf.png,3,0
MHIST_amh.png,0,0
MHIST_amk.png,0,0
MHIST_aml.png,0,0
MHIST_amn.png,0,0
MHIST_amp.png,2,0
MHIST_amr.png,2,0
MHIST_ams.png,1,0
MHIST_amt.png,3,0
MHIST_amu.png,2,0
MHIST_amx.png,1,0
MHIST_amy.png,2,0
MHIST_anb.png,0,0
MHIST_anf.png,0,0
MHIST_ang.png,1,0
MHIST_anh.png,4,1
MHIST_ani.png,1,0
MHIST_anj.png,0,0
MHIST_anl.png,0,0
MHIST_anq.png,0,0
MHIST_anu.png,1,0
MHIST_anv.png,0,0
MHIST_any.png,0,0
MHIST_aoa.png,0,0
MHIST_aob.png,1,0
MHIST_aoe.png,1,0
MHIST_aof.png,0,0
MHIST_aok.png,0,0
MHIST_aom.png,1,0
MHIST_aon.png,1,0
MHIST_aoq.png,0,0
MHIST_aos.png,0,0
MHIST_aot.png,2,0
MHIST_aou.png,0,0
MHIST_aov.png,1,0
MHIST_aox.png,2,0
MHIST_aoy.png,0,0
MHIST_aoz.png,1,0
MHIST_apb.png,1,0
MHIST_apd.png,0,0
MHIST_ape.png,1,0
MHIST_apf.png,0,0
MHIST_apg.png,3,0
MHIST_aph.png,3,0
MHIST_api.png,1,0
MHIST_apj.png,3,0
MHIST_apl.png,2,0
MHIST_apo.png,3,0
MHIST_app.png,0,0
MHIST_apq.png,2,0
MHIST_apr.png,1,0
MHIST_apx.png,1,0
MHIST_apy.png,3,0
MHIST_apz.png,5,1
MHIST_aqa.png,1,0
MHIST_aqc.png,1,0
MHIST_aqe.png,0,0
MHIST_aqg.png,2,0
MHIST_aql.png,3,0
MHIST_aqn.png,2,0
MHIST_aqo.png,2,0
MHIST_aqq.png,2,0
MHIST_aqt.png,0,0
MHIST_aqu.png,3,0
MHIST_aqw.png,3,0
MHIST_aqx.png,5,1
MHIST_aqz.png,3,0
MHIST_ara.png,3,0
MHIST_arb.png,2,0
MHIST_arc.png,1,0
MHIST_ard.png,5,1
MHIST_are.png,1,0
MHIST_arg.png,1,0
MHIST_arh.png,0,0
MHIST_ari.png,0,0
MHIST_arj.png,0,0
MHIST_ark.png,2,0
MHIST_arl.png,2,0
MHIST_arm.png,1,0
MHIST_aro.png,0,0
MHIST_arr.png,1,0
MHIST_ars.png,4,1
MHIST_art.png,2,0
MHIST_aru.png,1,0
MHIST_arv.png,3,0
MHIST_arx.png,0,0
MHIST_ary.png,0,0
MHIST_arz.png,2,0
MHIST_asf.png,2,0
MHIST_asj.png,1,0
MHIST_ask.png,0,0
MHIST_asl.png,3,0
MHIST_asm.png,1,0
MHIST_asn.png,0,0
MHIST_asp.png,1,0
MHIST_asq.png,2,0
MHIST_asr.png,1,0
MHIST_ass.png,1,0
MHIST_ast.png,2,0
MHIST_asv.png,2,0
MHIST_asy.png,0,0
MHIST_atc.png,1,0
MHIST_atf.png,3,0
MHIST_atg.png,1,0
MHIST_ati.png,1,0
MHIST_atl.png,1,0
MHIST_atm.png,3,0
MHIST_atp.png,1,0
MHIST_atr.png,0,0
MHIST_ats.png,0,0
MHIST_att.png,0,0
MHIST_atv.png,1,0
MHIST_atw.png,2,0
MHIST_atx.png,3,0
MHIST_atz.png,2,0
MHIST_aud.png,0,0
MHIST_aue.png,0,0
MHIST_auf.png,1,0
MHIST_aui.png,5,1
MHIST_auj.png,0,0
MHIST_aul.png,0,0
MHIST_aum.png,2,0
MHIST_aun.png,1,0
MHIST_auo.png,0,0
MHIST_aup.png,0,0
MHIST_aur.png,0,0
MHIST_auv.png,4,1
MHIST_auz.png,0,0
MHIST_ava.png,0,0
MHIST_avb.png,0,0
MHIST_avc.png,0,0
MHIST_avh.png,4,1
MHIST_avi.png,5,1
MHIST_avj.png,0,0
MHIST_avk.png,1,0
MHIST_avl.png,0,0
MHIST_avm.png,0,0
MHIST_avn.png,0,0
MHIST_avo.png,1,0
MHIST_avq.png,4,1
MHIST_avs.png,2,0
MHIST_avt.png,1,0
MHIST_avu.png,0,0
MHIST_avy.png,3,0
MHIST_awa.png,1,0
MHIST_awb.png,2,0
MHIST_awc.png,0,0
MHIST_awd.png,2,0
MHIST_awe.png,0,0
MHIST_awf.png,2,0
MHIST_awi.png,2,0
MHIST_awl.png,2,0
MHIST_awp.png,3,0
MHIST_awq.png,3,0
MHIST_aws.png,0,0
MHIST_awt.png,0,0
MHIST_awv.png,0,0
MHIST_awx.png,0,0
MHIST_awy.png,2,0
MHIST_axe.png,3,0
MHIST_axf.png,0,0
MHIST_axi.png,0,0
MHIST_axk.png,0,0
MHIST_axl.png,2,0
MHIST_axn.png,2,0
MHIST_axo.png,0,0
MHIST_axq.png,3,0
MHIST_axr.png,1,0
MHIST_axs.png,2,0
MHIST_axt.png,2,0
MHIST_axu.png,0,0
MHIST_axw.png,1,0
MHIST_axx.png,1,0
MHIST_axy.png,2,0
MHIST_axz.png,1,0
MHIST_ayb.png,2,0
MHIST_ayd.png,0,0
MHIST_ayg.png,1,0
MHIST_ayi.png,2,0
MHIST_ayj.png,3,0
MHIST_ayk.png,0,0
MHIST_ayl.png,0,0
MHIST_aym.png,0,0
MHIST_ayp.png,0,0
MHIST_ayr.png,1,0
MHIST_ayt.png,0,0
MHIST_ayu.png,1,0
MHIST_ayx.png,2,0
MHIST_aza.png,0,0
MHIST_azb.png,3,0
MHIST_azc.png,0,0
MHIST_azd.png,0,0
MHIST_azg.png,0,0
MHIST_azh.png,0,0
MHIST_azi.png,0,0
MHIST_azk.png,3,0
MHIST_azr.png,1,0
MHIST_azs.png,0,0
MHIST_azt.png,0,0
MHIST_azv.png,0,0
MHIST_azw.png,0,0
MHIST_azy.png,1,0
MHIST_baa.png,1,0
MHIST_bab.png,1,0
MHIST_bac.png,1,0
MHIST_bad.png,2,0
MHIST_bah.png,0,0
MHIST_bai.png,0,0
MHIST_baj.png,0,0
MHIST_bak.png,0,0
MHIST_baq.png,2,0
MHIST_bar.png,1,0
MHIST_bat.png,3,0
MHIST_bau.png,2,0
MHIST_bay.png,0,0
MHIST_bba.png,0,0
MHIST_bbb.png,0,0
MHIST_bbc.png,1,0
MHIST_bbd.png,4,1
MHIST_bbj.png,3,0
MHIST_bbk.png,2,0
MHIST_bbo.png,1,0
MHIST_bbp.png,1,0
MHIST_bbq.png,0,0
MHIST_bbu.png,1,0
MHIST_bbv.png,1,0
MHIST_bby.png,1,0
MHIST_bbz.png,3,0
MHIST_bca.png,2,0
MHIST_bcb.png,4,1
MHIST_bcf.png,1,0
MHIST_bcg.png,1,0
MHIST_bch.png,3,0
MHIST_bci.png,2,0
MHIST_bcj.png,1,0
MHIST_bck.png,1,0
MHIST_bcm.png,3,0
MHIST_bcp.png,3,0
MHIST_bcq.png,3,0
MHIST_bcs.png,1,0
MHIST_bct.png,0,0
MHIST_bcu.png,1,0
MHIST_bcw.png,0,0
MHIST_bcx.png,2,0
MHIST_bde.png,0,0
MHIST_bdf.png,0,0
MHIST_bdg.png,0,0
MHIST_bdi.png,1,0
MHIST_bdj.png,1,0
MHIST_bdk.png,0,0
MHIST_bdm.png,0,0
MHIST_bdn.png,1,0
MHIST_bdq.png,1,0
MHIST_bdr.png,0,0
MHIST_bds.png,0,0
MHIST_bdu.png,1,0
MHIST_bdw.png,0,0
MHIST_bdx.png,5,1
MHIST_bdy.png,3,0
MHIST_bdz.png,1,0
MHIST_bed.png,0,0
MHIST_bef.png,1,0
MHIST_beg.png,2,0
MHIST_bei.png,4,1
MHIST_bek.png,0,0
MHIST_bep.png,3,0
MHIST_beq.png,0,0
MHIST_bes.png,2,0
MHIST_bet.png,3,0
MHIST_bey.png,1,0
MHIST_bfa.png,2,0
MHIST_bfe.png,0,0
MHIST_bfh.png,2,0
MHIST_bfk.png,1,0
MHIST_bfl.png,1,0
MHIST_bfm.png,1,0
MHIST_bfp.png,2,0
MHIST_bfr.png,0,0
MHIST_bfs.png,0,0
MHIST_bft.png,5,1
MHIST_bgd.png,1,0
MHIST_bgg.png,0,0
MHIST_bgm.png,0,0
MHIST_bgn.png,2,0
MHIST_bgo.png,0,0
MHIST_bgq.png,0,0
MHIST_bgr.png,1,0
MHIST_bgt.png,0,0
MHIST_bgu.png,1,0
MHIST_bgw.png,2,0
MHIST_bgx.png,0,0
MHIST_bha.png,0,0
MHIST_bhb.png,1,0
MHIST_bhc.png,0,0
MHIST_bhd.png,0,0
MHIST_bhe.png,0,0
MHIST_bhf.png,2,0
MHIST_bhg.png,3,0
MHIST_bhh.png,2,0
MHIST_bhi.png,2,0
MHIST_bhj.png,3,0
MHIST_bhm.png,0,0
MHIST_bhp.png,0,0
MHIST_bhr.png,0,0
MHIST_bht.png,0,0
MHIST_bhz.png,0,0
MHIST_bia.png,0,0
MHIST_bic.png,1,0
MHIST_bid.png,1,0
MHIST_big.png,5,1
MHIST_bik.png,0,0
MHIST_biq.png,1,0
MHIST_bir.png,3,0
MHIST_bis.png,1,0
MHIST_bit.png,4,1
MHIST_biv.png,2,0
MHIST_bjb.png,1,0
MHIST_bjc.png,3,0
MHIST_bjf.png,0,0
MHIST_bjg.png,1,0
MHIST_bji.png,4,1
MHIST_bjj.png,0,0
MHIST_bjk.png,0,0
MHIST_bjl.png,0,0
MHIST_bjn.png,0,0
MHIST_bjo.png,3,0
MHIST_bjq.png,3,0
MHIST_bju.png,2,0
MHIST_bjv.png,1,0
MHIST_bjw.png,2,0
MHIST_bjy.png,1,0
MHIST_bjz.png,0,0
MHIST_bkc.png,4,1
MHIST_bkf.png,3,0
MHIST_bkg.png,4,1
MHIST_bki.png,2,0
MHIST_bkm.png,1,0
MHIST_bkn.png,1,0
MHIST_bkq.png,3,0
MHIST_bkr.png,2,0
MHIST_bkw.png,0,0
MHIST_bkx.png,0,0
MHIST_bkz.png,1,0
MHIST_bla.png,1,0
MHIST_blb.png,1,0
MHIST_blh.png,4,1
MHIST_bli.png,0,0
MHIST_blk.png,0,0
MHIST_bll.png,0,0
MHIST_blp.png,3,0
MHIST_blq.png,2,0
MHIST_bls.png,3,0
MHIST_blx.png,0,0
MHIST_bmb.png,4,1
MHIST_bme.png,1,0
MHIST_bmf.png,1,0
MHIST_bmi.png,0,0
MHIST_bmj.png,2,0
MHIST_bmk.png,1,0
MHIST_bml.png,0,0
MHIST_bmm.png,1,0
MHIST_bmo.png,0,0
MHIST_bmq.png,4,1
MHIST_bmr.png,2,0
MHIST_bmu.png,3,0
MHIST_bmx.png,0,0
MHIST_bmz.png,1,0
MHIST_bna.png,1,0
MHIST_bng.png,2,0
MHIST_bnh.png,1,0
MHIST_bni.png,4,1
MHIST_bnk.png,6,1
MHIST_bno.png,1,0
MHIST_bns.png,0,0
MHIST_bnt.png,3,0
MHIST_bnu.png,1,0
MHIST_bnx.png,4,1
MHIST_bny.png,4,1
MHIST_bnz.png,1,0
MHIST_bob.png,2,0
MHIST_boc.png,2,0
MHIST_bog.png,1,0
MHIST_boh.png,1,0
MHIST_boi.png,5,1
MHIST_boj.png,3,0
MHIST_bok.png,4,1
MHIST_bol.png,3,0
MHIST_bom.png,2,0
MHIST_boq.png,1,0
MHIST_bou.png,0,0
MHIST_box.png,2,0
MHIST_bpc.png,2,0
MHIST_bpe.png,1,0
MHIST_bpf.png,5,1
MHIST_bpi.png,0,0
MHIST_bpm.png,1,0
MHIST_bpq.png,0,0
MHIST_bpr.png,3,0
MHIST_bpt.png,2,0
MHIST_bpv.png,1,0
MHIST_bpw.png,2,0
MHIST_bpy.png,3,0
MHIST_bqa.png,0,0
MHIST_bqd.png,0,0
MHIST_bqf.png,0,0
MHIST_bqj.png,0,0
MHIST_bqm.png,2,0
MHIST_bqo.png,0,0
MHIST_bqp.png,0,0
MHIST_bqq.png,3,0
MHIST_bqt.png,2,0
MHIST_bqu.png,2,0
MHIST_bqw.png,0,0
MHIST_bqx.png,0,0
MHIST_bqy.png,1,0
MHIST_bqz.png,4,1
MHIST_bra.png,1,0
MHIST_brb.png,4,1
MHIST_brc.png,2,0
MHIST_brd.png,1,0
MHIST_brf.png,0,0
MHIST_brg.png,0,0
MHIST_brh.png,0,0
MHIST_bri.png,0,0
MHIST_brj.png,0,0
MHIST_brk.png,0,0
MHIST_brm.png,1,0
MHIST_brn.png,1,0
MHIST_brq.png,1,0
MHIST_bry.png,0,0
MHIST_brz.png,0,0
MHIST_bsb.png,1,0
MHIST_bsg.png,1,0
MHIST_bsi.png,2,0
MHIST_bsl.png,0,0
MHIST_bsm.png,4,1
MHIST_bsn.png,0,0
MHIST_bso.png,3,0
MHIST_bsp.png,0,0
MHIST_bst.png,2,0
MHIST_bsv.png,1,0
MHIST_bsw.png,5,1
MHIST_btc.png,2,0
MHIST_btd.png,1,0
MHIST_bte.png,2,0
MHIST_btg.png,3,0
MHIST_bti.png,0,0
MHIST_btj.png,3,0
MHIST_btn.png,0,0
MHIST_bto.png,3,0
MHIST_btp.png,4,1
MHIST_btq.png,1,0
MHIST_bts.png,1,0
MHIST_btv.png,2,0
MHIST_btw.png,2,0
MHIST_btx.png,2,0
MHIST_bua.png,3,0
MHIST_buc.png,2,0
MHIST_buf.png,4,1
MHIST_bui.png,0,0
MHIST_buk.png,4,1
MHIST_bul.png,0,0
MHIST_bun.png,1,0
MHIST_bup.png,5,1
MHIST_buq.png,2,0
MHIST_bus.png,1,0
MHIST_but.png,2,0
MHIST_buu.png,1,0
MHIST_buw.png,1,0
MHIST_buy.png,1,0
MHIST_buz.png,0,0
MHIST_bvd.png,1,0
MHIST_bve.png,0,0
MHIST_bvf.png,0,0
MHIST_bvg.png,4,1
MHIST_bvh.png,4,1
MHIST_bvi.png,1,0
MHIST_bvm.png,1,0
MHIST_bvo.png,1,0
MHIST_bvr.png,3,0
MHIST_bvs.png,2,0
MHIST_bvt.png,1,0
MHIST_bvw.png,2,0
MHIST_bwb.png,2,0
MHIST_bwd.png,2,0
MHIST_bwe.png,2,0
MHIST_bwf.png,0,0
MHIST_bwi.png,5,1
MHIST_bwj.png,3,0
MHIST_bwk.png,1,0
MHIST_bwm.png,1,0
MHIST_bwn.png,1,0
MHIST_bwp.png,2,0
MHIST_bwq.png,1,0
MHIST_bwr.png,0,0
MHIST_bwv.png,0,0
MHIST_bwx.png,5,1
MHIST_bwy.png,1,0
MHIST_bxa.png,1,0
MHIST_bxd.png,1,0
MHIST_bxh.png,2,0
MHIST_bxj.png,0,0
MHIST_bxl.png,3,0
MHIST_bxm.png,0,0
MHIST_bxn.png,0,0
MHIST_bxp.png,2,0
MHIST_bxs.png,5,1
MHIST_bxt.png,3,0
MHIST_bxw.png,2,0
MHIST_byc.png,1,0
MHIST_byd.png,1,0
MHIST_bye.png,1,0
MHIST_byj.png,3,0
MHIST_byn.png,3,0
MHIST_byo.png,1,0
MHIST_byp.png,1,0
MHIST_bys.png,1,0
MHIST_byt.png,2,0
MHIST_byv.png,1,0
MHIST_byx.png,1,0
MHIST_bzb.png,3,0
MHIST_bzd.png,0,0
MHIST_bzf.png,4,1
MHIST_bzg.png,0,0
MHIST_bzj.png,1,0
MHIST_bzo.png,2,0
MHIST_bzp.png,0,0
MHIST_bzq.png,0,0
MHIST_bzt.png,0,0
MHIST_bzv.png,3,0
MHIST_bzx.png,3,0
MHIST_bzy.png,1,0
MHIST_bzz.png,2,0
MHIST_cae.png,2,0
MHIST_cah.png,0,0
MHIST_caj.png,6,1
MHIST_cak.png,1,0
MHIST_cal.png,3,0
MHIST_can.png,0,0
MHIST_caq.png,1,0
MHIST_cas.png,1,0
MHIST_cav.png,0,0
MHIST_caw.png,1,0
MHIST_cay.png,4,1
MHIST_caz.png,0,0
MHIST_cba.png,0,0
MHIST_cbd.png,0,0
MHIST_cbe.png,5,1
MHIST_cbf.png,0,0
MHIST_cbh.png,4,1
MHIST_cbi.png,1,0
MHIST_cbk.png,1,0
MHIST_cbm.png,0,0
MHIST_cbn.png,0,0
MHIST_cbp.png,1,0
MHIST_cbr.png,0,0
MHIST_cbs.png,0,0
MHIST_cbt.png,1,0
MHIST_cbv.png,5,1
MHIST_cbw.png,2,0
MHIST_cby.png,0,0
MHIST_cbz.png,0,0
MHIST_cca.png,1,0
MHIST_ccb.png,2,0
MHIST_ccc.png,6,1
MHIST_ccg.png,1,0
MHIST_cch.png,3,0
MHIST_cci.png,0,0
MHIST_ccj.png,1,0
MHIST_cck.png,0,0
MHIST_ccl.png,1,0
MHIST_ccp.png,0,0
MHIST_ccq.png,0,0
MHIST_ccs.png,4,1
MHIST_ccv.png,1,0
MHIST_ccw.png,0,0
MHIST_ccx.png,0,0
MHIST_ccy.png,0,0
MHIST_ccz.png,2,0
MHIST_cda.png,0,0
MHIST_cdb.png,0,0
MHIST_cdc.png,1,0
MHIST_cdg.png,1,0
MHIST_cdh.png,2,0
MHIST_cdi.png,3,0
MHIST_cdj.png,3,0
MHIST_cdl.png,1,0
MHIST_cdm.png,1,0
MHIST_cdq.png,0,0
MHIST_cds.png,4,1
MHIST_cdt.png,0,0
MHIST_cdv.png,3,0
MHIST_cdx.png,2,0
MHIST_cdz.png,6,1
MHIST_cea.png,2,0
MHIST_cec.png,1,0
MHIST_ced.png,5,1
MHIST_cee.png,0,0
MHIST_cef.png,1,0
MHIST_ceg.png,3,0
MHIST_ceh.png,3,0
MHIST_cej.png,3,0
MHIST_cen.png,3,0
MHIST_cep.png,3,0
MHIST_ceq.png,4,1
MHIST_cer.png,2,0
MHIST_cet.png,3,0
MHIST_cex.png,1,0
MHIST_cey.png,1,0
MHIST_cfa.png,1,0
MHIST_cfe.png,1,0
MHIST_cff.png,2,0
MHIST_cfh.png,0,0
MHIST_cfj.png,1,0
MHIST_cfk.png,6,1
MHIST_cfl.png,0,0
MHIST_cfm.png,0,0
MHIST_cfo.png,5,1
MHIST_cfp.png,2,0
MHIST_cfr.png,2,0
MHIST_cfs.png,3,0
MHIST_cft.png,4,1
MHIST_cfv.png,2,0
MHIST_cfw.png,2,0
MHIST_cfz.png,4,1
MHIST_cga.png,1,0
MHIST_cgc.png,3,0
MHIST_cge.png,3,0
MHIST_cgg.png,1,0
MHIST_cgh.png,1,0
MHIST_cgj.png,0,0
MHIST_cgl.png,0,0
MHIST_cgm.png,1,0
MHIST_cgn.png,0,0
MHIST_cgq.png,1,0
MHIST_cgr.png,2,0
MHIST_cgv.png,3,0
MHIST_cgy.png,1,0
MHIST_cgz.png,4,1
MHIST_chb.png,0,0
MHIST_chc.png,2,0
MHIST_chf.png,4,1
MHIST_chh.png,3,0
MHIST_chi.png,2,0
MHIST_chj.png,1,0
MHIST_chk.png,3,0
MHIST_chm.png,3,0
MHIST_chn.png,4,1
MHIST_cho.png,2,0
MHIST_chq.png,2,0
MHIST_chu.png,2,0
MHIST_chw.png,0,0
MHIST_chx.png,1,0
MHIST_chy.png,1,0
MHIST_cib.png,0,0
MHIST_cif.png,2,0
MHIST_cig.png,0,0
MHIST_cih.png,1,0
MHIST_cii.png,1,0
MHIST_cij.png,2,0
MHIST_cik.png,3,0
MHIST_cil.png,2,0
MHIST_cin.png,1,0
MHIST_cip.png,0,0
MHIST_ciq.png,1,0
MHIST_cir.png,1,0
MHIST_cis.png,0,0
MHIST_cit.png,2,0
MHIST_civ.png,0,0
MHIST_cix.png,4,1
MHIST_ciy.png,1,0
MHIST_ciz.png,3,0
MHIST_cjb.png,1,0
MHIST_cjd.png,1,0
MHIST_cjg.png,1,0
MHIST_cjh.png,0,0
MHIST_cjj.png,1,0
MHIST_cjm.png,0,0
MHIST_cjp.png,1,0
MHIST_cju.png,1,0
MHIST_cjw.png,2,0
MHIST_cjx.png,4,1
MHIST_cjy.png,0,0
MHIST_cjz.png,0,0
MHIST_cka.png,2,0
MHIST_ckb.png,1,0
MHIST_ckd.png,1,0
MHIST_cke.png,1,0
MHIST_ckg.png,4,1
MHIST_ckj.png,0,0
MHIST_ckk.png,1,0
MHIST_ckm.png,0,0
MHIST_cko.png,0,0
MHIST_ckp.png,1,0
MHIST_ckq.png,4,1
MHIST_ckr.png,1,0
MHIST_ckt.png,3,0
MHIST_ckv.png,2,0
MHIST_cky.png,2,0
MHIST_ckz.png,0,0
MHIST_clb.png,1,0
MHIST_clc.png,4,1
MHIST_cle.png,0,0
MHIST_cli.png,3,0
MHIST_clj.png,3,0
MHIST_clk.png,0,0
MHIST_clm.png,1,0
MHIST_clp.png,2,0
MHIST_clq.png,0,0
MHIST_clr.png,1,0
MHIST_cls.png,0,0
MHIST_clu.png,1,0
MHIST_clv.png,0,0
MHIST_cly.png,2,0
MHIST_cmb.png,0,0
MHIST_cme.png,0,0
MHIST_cmk.png,0,0
MHIST_cmm.png,2,0
MHIST_cmp.png,4,1
MHIST_cmq.png,2,0
MHIST_cmr.png,3,0
MHIST_cmu.png,0,0
MHIST_cmv.png,1,0
MHIST_cmx.png,0,0
MHIST_cna.png,1,0
MHIST_cnd.png,1,0
MHIST_cnf.png,3,0
MHIST_cnj.png,1,0
MHIST_cnl.png,1,0
MHIST_cno.png,1,0
MHIST_cnq.png,1,0
MHIST_cnu.png,6,1
MHIST_coa.png,2,0
MHIST_cob.png,2,0
MHIST_coe.png,2,0
MHIST_cof.png,0,0
MHIST_cog.png,1,0
MHIST_coi.png,1,0
MHIST_col.png,0,0
MHIST_com.png,0,0
MHIST_coo.png,1,0
MHIST_cop.png,0,0
MHIST_cos.png,2,0
MHIST_cou.png,0,0
MHIST_cow.png,0,0
MHIST_coz.png,0,0
MHIST_cpa.png,2,0
MHIST_cpb.png,2,0
MHIST_cpf.png,3,0
MHIST_cpg.png,5,1
MHIST_cpj.png,1,0
MHIST_cpl.png,3,0
MHIST_cpp.png,1,0
MHIST_cpv.png,2,0
MHIST_cpx.png,5,1
MHIST_cqd.png,1,0
MHIST_cqe.png,0,0
MHIST_cqf.png,4,1
MHIST_cqh.png,1,0
MHIST_cqk.png,2,0
MHIST_cqm.png,1,0
MHIST_cqo.png,1,0
MHIST_cqx.png,6,1
MHIST_crb.png,2,0
MHIST_crc.png,5,1
MHIST_cri.png,1,0
MHIST_crj.png,1,0
MHIST_crn.png,2,0
MHIST_cro.png,0,0
MHIST_crq.png,2,0
MHIST_crr.png,2,0
MHIST_crv.png,2,0
MHIST_cry.png,3,0
MHIST_crz.png,1,0
MHIST_csf.png,1,0
MHIST_csg.png,3,0
MHIST_csl.png,1,0
MHIST_csm.png,1,0
MHIST_csp.png,1,0
MHIST_csr.png,4,1
MHIST_css.png,4,1
MHIST_csu.png,1,0
MHIST_csv.png,1,0
MHIST_csx.png,1,0
MHIST_csy.png,4,1
MHIST_csz.png,1,0
MHIST_cta.png,0,0
MHIST_ctd.png,1,0
MHIST_cth.png,0,0
MHIST_ctj.png,0,0
MHIST_ctl.png,3,0
MHIST_ctm.png,1,0
MHIST_ctn.png,0,0
MHIST_ctp.png,2,0
MHIST_ctu.png,0,0
MHIST_ctv.png,0,0
MHIST_ctz.png,0,0
MHIST_cuc.png,0,0
MHIST_cud.png,1,0
MHIST_cue.png,0,0
MHIST_cuf.png,0,0
MHIST_cug.png,0,0
MHIST_cuh.png,0,0
MHIST_cuj.png,1,0
MHIST_cuk.png,0,0
MHIST_cul.png,1,0
MHIST_cum.png,0,0
MHIST_cun.png,1,0
MHIST_cuo.png,1,0
MHIST_cur.png,3,0
MHIST_cut.png,0,0
MHIST_cuv.png,5,1
MHIST_cuw.png,4,1
MHIST_cux.png,0,0
MHIST_cuz.png,2,0
MHIST_cva.png,1,0
MHIST_cvc.png,0,0
MHIST_cvf.png,0,0
MHIST_cvg.png,0,0
MHIST_cvi.png,1,0
MHIST_cvj.png,1,0
MHIST_cvk.png,3,0
MHIST_cvl.png,2,0
MHIST_cvm.png,2,0
MHIST_cvr.png,1,0
MHIST_cvs.png,0,0
MHIST_cvv.png,2,0
MHIST_cvx.png,5,1
MHIST_cvy.png,0,0
MHIST_cwa.png,3,0
MHIST_cwc.png,0,0
MHIST_cwd.png,3,0
MHIST_cwe.png,2,0
MHIST_cwg.png,0,0
MHIST_cwh.png,4,1
MHIST_cwi.png,1,0
MHIST_cwj.png,1,0
MHIST_cwl.png,1,0
MHIST_cwm.png,3,0
MHIST_cwo.png,2,0
MHIST_cwp.png,0,0
MHIST_cws.png,6,1
MHIST_cwu.png,0,0
MHIST_cwv.png,2,0
MHIST_cwx.png,2,0
MHIST_cwy.png,0,0
MHIST_cxb.png,1,0
MHIST_cxc.png,2,0
MHIST_cxg.png,1,0
MHIST_cxh.png,0,0
MHIST_cxi.png,0,0
MHIST_cxk.png,0,0
MHIST_cxl.png,2,0
MHIST_cxm.png,0,0
MHIST_cxn.png,0,0
MHIST_cxo.png,0,0
MHIST_cxs.png,0,0
MHIST_cxt.png,2,0
MHIST_cxv.png,0,0
MHIST_cxy.png,4,1
MHIST_cxz.png,0,0
MHIST_cya.png,0,0
MHIST_cyc.png,1,0
MHIST_cyd.png,0,0
MHIST_cyg.png,0,0
MHIST_cyh.png,0,0
MHIST_cyi.png,1,0
MHIST_cym.png,2,0
MHIST_cyo.png,3,0
MHIST_cyp.png,0,0
MHIST_cyq.png,1,0
MHIST_cyr.png,2,0
MHIST_cys.png,0,0
MHIST_cyt.png,4,1
MHIST_cyw.png,4,1
MHIST_cyy.png,2,0
MHIST_cyz.png,3,0
MHIST_czd.png,0,0
MHIST_czf.png,2,0
MHIST_czh.png,0,0
MHIST_czi.png,2,0
MHIST_czj.png,3,0
MHIST_czk.png,2,0
MHIST_czl.png,1,0
MHIST_czm.png,2,0
MHIST_czo.png,2,0
MHIST_czp.png,0,0
MHIST_czq.png,0,0
MHIST_czt.png,0,0
MHIST_czv.png,1,0
MHIST_czw.png,3,0
MHIST_czx.png,2,0
MHIST_czy.png,1,0
MHIST_czz.png,1,0
MHIST_daa.png,3,0
MHIST_dag.png,2,0
MHIST_dai.png,1,0
MHIST_daj.png,1,0
MHIST_dap.png,1,0
MHIST_das.png,1,0
MHIST_dat.png,1,0
MHIST_dau.png,1,0
MHIST_day.png,0,0
MHIST_daz.png,0,0
MHIST_dbc.png,6,1
MHIST_dbd.png,3,0
MHIST_dbg.png,0,0
MHIST_dbi.png,5,1
MHIST_dbm.png,4,1
MHIST_dbn.png,2,0
MHIST_dbo.png,2,0
MHIST_dbp.png,0,0
MHIST_dbq.png,0,0
MHIST_dbs.png,5,1
MHIST_dbt.png,0,0
MHIST_dbv.png,0,0
MHIST_dbw.png,2,0
MHIST_dbx.png,1,0
MHIST_dby.png,2,0
MHIST_dcb.png,1,0
MHIST_dcd.png,1,0
MHIST_dce.png,1,0
MHIST_dch.png,1,0
MHIST_dci.png,3,0
MHIST_dcj.png,2,0
MHIST_dck.png,3,0
MHIST_dcl.png,2,0
MHIST_dcn.png,2,0
MHIST_dco.png,4,1
MHIST_dcq.png,1,0
MHIST_dcr.png,0,0
MHIST_dcs.png,0,0
MHIST_dct.png,0,0
MHIST_dcu.png,0,0
MHIST_dcw.png,2,0
MHIST_dcy.png,2,0
MHIST_dcz.png,4,1
MHIST_dda.png,1,0
MHIST_ddc.png,2,0
MHIST_dde.png,1,0
MHIST_ddh.png,1,0
MHIST_ddl.png,0,0
MHIST_ddm.png,1,0
MHIST_ddp.png,0,0
MHIST_ddq.png,1,0
MHIST_dds.png,0,0
MHIST_ddt.png,0,0
MHIST_ddx.png,1,0
MHIST_ddy.png,4,1
MHIST_ddz.png,2,0
MHIST_dea.png,0,0
MHIST_deb.png,0,0
MHIST_ded.png,3,0
MHIST_dee.png,0,0
MHIST_deg.png,3,0
MHIST_dek.png,4,1
MHIST_del.png,0,0
MHIST_dem.png,0,0
MHIST_deo.png,0,0
MHIST_dep.png,0,0
MHIST_des.png,1,0
MHIST_det.png,0,0
MHIST_deu.png,2,0
MHIST_dex.png,4,1
MHIST_dez.png,0,0
MHIST_dfa.png,0,0
MHIST_dfd.png,3,0
MHIST_dff.png,1,0
MHIST_dfg.png,4,1
MHIST_dfh.png,1,0
MHIST_dfj.png,0,0
MHIST_dfo.png,0,0
MHIST_dfq.png,2,0
MHIST_dfs.png,0,0
MHIST_dft.png,1,0
MHIST_dfu.png,1,0
MHIST_dfw.png,3,0
MHIST_dfx.png,1,0
MHIST_dga.png,1,0
MHIST_dgb.png,3,0
MHIST_dgd.png,0,0
MHIST_dge.png,0,0
MHIST_dgf.png,0,0
MHIST_dgg.png,0,0
MHIST_dgh.png,0,0
MHIST_dgl.png,2,0
MHIST_dgm.png,0,0
MHIST_dgn.png,1,0
MHIST_dgo.png,0,0
MHIST_dgq.png,3,0
MHIST_dgt.png,1,0
MHIST_dgv.png,1,0
MHIST_dgw.png,2,0
MHIST_dgx.png,1,0
MHIST_dgy.png,0,0
MHIST_dhd.png,2,0
MHIST_dhe.png,0,0
MHIST_dhh.png,5,1
MHIST_dhi.png,1,0
MHIST_dhj.png,0,0
MHIST_dhk.png,3,0
MHIST_dhm.png,2,0
MHIST_dhn.png,2,0
MHIST_dhp.png,0,0
MHIST_dhq.png,1,0
MHIST_dhv.png,0,0
MHIST_dhy.png,0,0
MHIST_die.png,1,0
MHIST_dif.png,0,0
MHIST_dig.png,0,0
MHIST_dih.png,4,1
MHIST_dii.png,4,1
MHIST_dil.png,1,0
MHIST_dim.png,1,0
MHIST_din.png,0,0
MHIST_dip.png,3,0
MHIST_dis.png,1,0
MHIST_dit.png,1,0
MHIST_div.png,1,0
MHIST_diw.png,0,0
MHIST_djf.png,1,0
MHIST_djl.png,1,0
MHIST_djm.png,0,0
MHIST_djo.png,3,0
MHIST_djq.png,3,0
MHIST_djs.png,3,0
MHIST_dju.png,1,0
MHIST_djv.png,0,0
MHIST_djy.png,2,0
MHIST_djz.png,0,0
MHIST_dka.png,2,0
MHIST_dkb.png,3,0
MHIST_dkc.png,4,1
MHIST_dkd.png,4,1
MHIST_dke.png,0,0
MHIST_dkg.png,1,0
MHIST_dki.png,5,1
MHIST_dkm.png,1,0
MHIST_dkp.png,1,0
MHIST_dkq.png,0,0
MHIST_dkr.png,2,0
MHIST_dks.png,0,0
MHIST_dku.png,2,0
MHIST_dkv.png,2,0
MHIST_dkw.png,3,0
MHIST_dkx.png,6,1
MHIST_dky.png,3,0
MHIST_dkz.png,0,0
MHIST_dla.png,1,0
MHIST_dlb.png,1,0
MHIST_dlc.png,1,0
MHIST_dld.png,4,1
MHIST_dle.png,2,0
MHIST_dlh.png,0,0
MHIST_dli.png,0,0
MHIST_dlk.png,0,0
MHIST_dll.png,0,0
MHIST_dlm.png,5,1
MHIST_dlo.png,0,0
MHIST_dlr.png,1,0
MHIST_dls.png,1,0
MHIST_dlu.png,1,0
MHIST_dlv.png,2,0
MHIST_dlw.png,1,0
MHIST_dlx.png,0,0
MHIST_dly.png,3,0
MHIST_dlz.png,0,0
MHIST_dma.png,4,1
MHIST_dmb.png,2,0
MHIST_dmc.png,3,0
MHIST_dmd.png,2,0
MHIST_dmk.png,0,0
MHIST_dml.png,2,0
MHIST_dmm.png,1,0
MHIST_dmn.png,1,0
MHIST_dmp.png,1,0
MHIST_dmt.png,1,0
MHIST_dmu.png,1,0
MHIST_dmv.png,3,0
MHIST_dmy.png,1,0
MHIST_dmz.png,1,0
MHIST_dna.png,4,1
MHIST_dnb.png,1,0
MHIST_dne.png,0,0
MHIST_dnh.png,3,0
MHIST_dnk.png,1,0
MHIST_dnl.png,2,0
MHIST_dnm.png,1,0
MHIST_dnn.png,2,0
MHIST_dno.png,3,0
MHIST_dnt.png,0,0
MHIST_dnu.png,0,0
MHIST_dnv.png,0,0
MHIST_dnw.png,0,0
MHIST_dnx.png,1,0
MHIST_dny.png,1,0
MHIST_dnz.png,3,0
MHIST_doa.png,0,0
MHIST_doc.png,3,0
MHIST_doe.png,0,0
MHIST_dof.png,1,0
MHIST_dok.png,4,1
MHIST_dom.png,4,1
MHIST_doq.png,1,0
MHIST_dor.png,1,0
MHIST_dos.png,1,0
MHIST_dot.png,1,0
MHIST_dox.png,2,0
MHIST_doy.png,4,1
MHIST_dpb.png,4,1
MHIST_dpe.png,1,0
MHIST_dpf.png,0,0
MHIST_dph.png,2,0
MHIST_dpj.png,4,1
MHIST_dpk.png,1,0
MHIST_dpm.png,0,0
MHIST_dpp.png,4,1
MHIST_dpq.png,1,0
MHIST_dpr.png,1,0
MHIST_dps.png,0,0
MHIST_dpu.png,1,0
MHIST_dpv.png,0,0
MHIST_dpw.png,0,0
MHIST_dpz.png,1,0
MHIST_dqa.png,0,0
MHIST_dqb.png,0,0
MHIST_dqc.png,0,0
MHIST_dqd.png,0,0
MHIST_dqe.png,0,0
MHIST_dqf.png,0,0
MHIST_dqg.png,1,0
MHIST_dqi.png,0,0
MHIST_dqj.png,2,0
MHIST_dql.png,1,0
MHIST_dqm.png,3,0
MHIST_dqo.png,1,0
MHIST_dqp.png,0,0
MHIST_dqr.png,4,1
MHIST_dqt.png,4,1
MHIST_dqu.png,0,0
MHIST_dqw.png,2,0
MHIST_dqx.png,1,0
MHIST_dqz.png,0,0
MHIST_dra.png,2,0
MHIST_drd.png,0,0
MHIST_drf.png,6,1
MHIST_drg.png,0,0
MHIST_dri.png,0,0
MHIST_drj.png,1,0
MHIST_drk.png,2,0
MHIST_drn.png,2,0
MHIST_dro.png,2,0
MHIST_drr.png,0,0
MHIST_drw.png,0,0
MHIST_drx.png,0,0
MHIST_dry.png,2,0
MHIST_drz.png,1,0
MHIST_dsf.png,3,0
MHIST_dsh.png,2,0
MHIST_dsj.png,0,0
MHIST_dsk.png,4,1
MHIST_dsm.png,4,1
MHIST_dsn.png,1,0
MHIST_dsp.png,1,0
MHIST_dsq.png,3,0
MHIST_dsr.png,1,0
MHIST_dst.png,0,0
MHIST_dsu.png,1,0
MHIST_dsv.png,1,0
MHIST_dsw.png,1,0
MHIST_dsx.png,0,0
MHIST_dsz.png,2,0
MHIST_dtb.png,3,0
MHIST_dtd.png,2,0
MHIST_dtf.png,3,0
MHIST_dth.png,0,0
MHIST_dti.png,0,0
MHIST_dtk.png,0,0
MHIST_dtp.png,2,0
MHIST_dtr.png,1,0
MHIST_dts.png,5,1
MHIST_dtw.png,1,0
MHIST_duc.png,1,0
MHIST_dud.png,3,0
MHIST_due.png,4,1
MHIST_duj.png,3,0
MHIST_duk.png,3,0
MHIST_duu.png,1,0
MHIST_duz.png,5,1
MHIST_dvb.png,0,0
MHIST_dvc.png,0,0
MHIST_dvf.png,1,0
MHIST_dvh.png,1,0
MHIST_dvm.png,2,0
MHIST_dvn.png,2,0
MHIST_dvo.png,1,0
MHIST_dvp.png,0,0
MHIST_dvu.png,0,0
MHIST_dvw.png,3,0
MHIST_dvx.png,2,0
MHIST_dwb.png,1,0
MHIST_dwd.png,0,0
MHIST_dwe.png,1,0
MHIST_dwj.png,2,0
MHIST_dwk.png,1,0
MHIST_dwl.png,3,0
MHIST_dwm.png,1,0
MHIST_dwo.png,2,0
MHIST_dwr.png,1,0
MHIST_dwv.png,0,0
MHIST_dww.png,1,0
MHIST_dwx.png,1,0
MHIST_dwy.png,1,0
MHIST_dxb.png,3,0
MHIST_dxd.png,3,0
MHIST_dxf.png,3,0
MHIST_dxg.png,1,0
MHIST_dxh.png,1,0
MHIST_dxn.png,1,0
MHIST_dxp.png,3,0
MHIST_dxq.png,2,0
MHIST_dxw.png,1,0
MHIST_dxx.png,0,0
MHIST_dxy.png,2,0
MHIST_dxz.png,2,0
MHIST_dya.png,2,0
MHIST_dyb.png,1,0
MHIST_dyc.png,1,0
MHIST_dyf.png,2,0
MHIST_dyg.png,3,0
MHIST_dyh.png,0,0
MHIST_dyi.png,2,0
MHIST_dyj.png,0,0
MHIST_dyl.png,0,0
MHIST_dym.png,2,0
MHIST_dyr.png,1,0
MHIST_dys.png,3,0
MHIST_dyt.png,1,0
MHIST_dyu.png,1,0
MHIST_dyx.png,0,0
MHIST_dyz.png,6,1
MHIST_dzf.png,1,0
MHIST_dzg.png,0,0
MHIST_dzh.png,1,0
MHIST_dzi.png,1,0
MHIST_dzj.png,2,0
MHIST_dzk.png,4,1
MHIST_dzn.png,1,0
MHIST_dzo.png,1,0
MHIST_dzp.png,1,0
MHIST_dzr.png,2,0
MHIST_dzv.png,2,0
MHIST_dzy.png,1,0
MHIST_eaa.png,1,0
MHIST_eab.png,4,1
MHIST_ead.png,0,0
MHIST_eae.png,3,0
MHIST_eaj.png,4,1
MHIST_eal.png,2,0
MHIST_ean.png,2,0
MHIST_eaq.png,2,0
MHIST_ear.png,1,0
MHIST_eas.png,0,0
MHIST_eat.png,1,0
MHIST_eau.png,4,1
MHIST_eaw.png,0,0
MHIST_eax.png,1,0
MHIST_eay.png,1,0
MHIST_eaz.png,3,0
MHIST_eba.png,2,0
MHIST_ebb.png,2,0
MHIST_ebe.png,0,0
MHIST_ebf.png,0,0
MHIST_ebg.png,1,0
MHIST_ebi.png,3,0
MHIST_ebj.png,0,0
MHIST_ebm.png,2,0
MHIST_ebn.png,1,0
MHIST_ebo.png,1,0
MHIST_ebq.png,1,0
MHIST_ebr.png,2,0
MHIST_ebs.png,2,0
MHIST_ebv.png,3,0
MHIST_ebw.png,2,0
MHIST_ebx.png,2,0
MHIST_ebz.png,5,1
MHIST_eca.png,3,0
MHIST_ecd.png,5,1
MHIST_ecf.png,0,0
MHIST_ecg.png,1,0
MHIST_eci.png,0,0
MHIST_ecm.png,1,0
MHIST_ecp.png,4,1
MHIST_ecq.png,3,0
MHIST_ecs.png,0,0
MHIST_ect.png,0,0
MHIST_ecu.png,1,0
MHIST_ecv.png,2,0
MHIST_ecw.png,0,0
MHIST_ecy.png,4,1
MHIST_edb.png,0,0
MHIST_edc.png,3,0
MHIST_ede.png,5,1
MHIST_edk.png,2,0
MHIST_edq.png,0,0
MHIST_edr.png,3,0
MHIST_edt.png,0,0
MHIST_edu.png,0,0
MHIST_edv.png,1,0
MHIST_edw.png,0,0
MHIST_edx.png,1,0
MHIST_edy.png,1,0
MHIST_edz.png,1,0
MHIST_eea.png,0,0
MHIST_eeb.png,0,0
MHIST_eed.png,0,0
MHIST_eeg.png,3,0
MHIST_eei.png,1,0
MHIST_eej.png,2,0
MHIST_eek.png,5,1
MHIST_eel.png,3,0
MHIST_eem.png,1,0
MHIST_eep.png,1,0
MHIST_eer.png,3,0
MHIST_ees.png,1,0
MHIST_eet.png,1,0
MHIST_eeu.png,2,0
MHIST_eev.png,0,0
MHIST_eew.png,0,0
MHIST_eex.png,4,1
MHIST_eez.png,2,0
MHIST_efc.png,1,0
MHIST_efe.png,4,1
MHIST_efg.png,1,0
MHIST_efi.png,0,0
MHIST_efj.png,0,0
MHIST_efk.png,3,0
MHIST_efm.png,1,0
MHIST_efn.png,2,0
MHIST_efp.png,3,0
MHIST_efq.png,3,0
MHIST_eft.png,1,0
MHIST_efx.png,1,0
MHIST_ega.png,1,0
MHIST_egc.png,1,0
MHIST_egg.png,3,0
MHIST_egh.png,4,1
MHIST_egj.png,0,0
MHIST_egl.png,0,0
MHIST_egm.png,0,0
MHIST_egn.png,5,1
MHIST_ego.png,0,0
MHIST_egp.png,4,1
MHIST_egq.png,1,0
MHIST_egr.png,3,0
MHIST_egs.png,3,0
MHIST_egt.png,1,0
MHIST_egu.png,2,0
MHIST_egv.png,3,0
MHIST_egx.png,2,0
MHIST_egy.png,2,0
MHIST_ehe.png,0,0
MHIST_ehf.png,0,0
MHIST_ehi.png,1,0
MHIST_ehj.png,1,0
MHIST_ehl.png,2,0
MHIST_ehp.png,0,0
MHIST_ehq.png,0,0
MHIST_ehr.png,5,1
MHIST_eht.png,0,0
MHIST_ehu.png,0,0
MHIST_ehv.png,0,0
MHIST_ehx.png,2,0
MHIST_ehy.png,1,0
MHIST_eia.png,1,0
MHIST_eid.png,0,0
MHIST_eif.png,0,0
MHIST_eig.png,1,0
MHIST_eih.png,3,0
MHIST_eij.png,2,0
MHIST_eik.png,1,0
MHIST_eim.png,1,0
MHIST_ein.png,2,0
MHIST_eip.png,0,0
MHIST_eis.png,2,0
MHIST_eit.png,4,1
MHIST_eiw.png,0,0
MHIST_eix.png,1,0
MHIST_eiz.png,1,0
MHIST_eja.png,3,0
MHIST_ejb.png,2,0
MHIST_ejc.png,1,0
MHIST_eje.png,1,0
MHIST_ejg.png,1,0
MHIST_eji.png,0,0
MHIST_ejj.png,0,0
MHIST_ejk.png,1,0
MHIST_ejl.png,0,0
MHIST_ejp.png,3,0
MHIST_ejq.png,3,0
MHIST_ejs.png,4,1
MHIST_ejt.png,3,0
MHIST_eju.png,1,0
MHIST_ejv.png,4,1
MHIST_ejw.png,3,0
MHIST_ejx.png,0,0
MHIST_ejy.png,1,0
MHIST_ejz.png,2,0
MHIST_eka.png,2,0
MHIST_ekb.png,1,0
MHIST_ekd.png,2,0
MHIST_eki.png,3,0
MHIST_ekk.png,1,0
MHIST_ekl.png,1,0
MHIST_eko.png,2,0
MHIST_ekp.png,1,0
MHIST_ekq.png,4,1
MHIST_ekr.png,3,0
MHIST_eks.png,2,0
MHIST_ekt.png,1,0
MHIST_eku.png,1,0
MHIST_ekv.png,1,0
MHIST_ekw.png,1,0
MHIST_ekz.png,1,0
MHIST_elc.png,0,0
MHIST_eld.png,4,1
MHIST_elg.png,0,0
MHIST_elm.png,0,0
MHIST_elp.png,0,0
MHIST_elq.png,0,0
MHIST_elr.png,1,0
MHIST_ely.png,0,0
MHIST_elz.png,0,0
MHIST_emb.png,0,0
MHIST_emc.png,4,1
MHIST_emd.png,1,0
MHIST_eme.png,1,0
MHIST_emh.png,0,0
MHIST_emi.png,0,0
MHIST_emj.png,1,0
MHIST_emk.png,3,0
MHIST_eml.png,0,0
MHIST_emm.png,0,0
MHIST_emn.png,0,0
MHIST_emo.png,0,0
MHIST_emt.png,3,0
MHIST_emw.png,4,1
MHIST_emz.png,1,0
MHIST_enb.png,0,0
MHIST_enf.png,0,0
MHIST_eng.png,0,0
MHIST_enh.png,0,0
MHIST_eni.png,1,0
MHIST_enj.png,1,0
MHIST_enn.png,0,0
MHIST_eno.png,0,0
MHIST_enp.png,2,0
MHIST_ens.png,3,0
MHIST_ent.png,2,0
MHIST_enw.png,1,0
MHIST_eoa.png,0,0
MHIST_eob.png,0,0
MHIST_eof.png,0,0
MHIST_eog.png,0,0
MHIST_eoi.png,1,0
MHIST_eoj.png,1,0
MHIST_eok.png,0,0
MHIST_eom.png,0,0
MHIST_eon.png,0,0
MHIST_eoo.png,1,0
MHIST_eos.png,0,0
MHIST_eot.png,0,0
MHIST_eou.png,1,0
MHIST_eoy.png,0,0
MHIST_eoz.png,0,0
MHIST_epa.png,0,0
MHIST_epb.png,0,0
MHIST_epc.png,1,0
MHIST_epd.png,0,0
MHIST_epe.png,0,0
MHIST_epg.png,2,0
MHIST_eph.png,4,1
MHIST_epi.png,2,0
MHIST_epq.png,0,0
MHIST_epu.png,0,0
MHIST_epv.png,0,0
MHIST_epw.png,0,0
MHIST_epz.png,3,0
MHIST_eqb.png,0,0
MHIST_eqd.png,0,0
MHIST_eqf.png,1,0
MHIST_eqh.png,3,0
MHIST_eqk.png,1,0
MHIST_eql.png,2,0
MHIST_eqm.png,4,1
MHIST_eqn.png,1,0
MHIST_eqq.png,0,0
MHIST_eqr.png,1,0
MHIST_eqs.png,2,0
MHIST_eqw.png,4,1
MHIST_era.png,2,0
MHIST_erb.png,2,0
MHIST_ere.png,1,0
MHIST_erf.png,1,0
MHIST_aei.png,5,1
MHIST_afk.png,2,0
MHIST_aip.png,4,1
MHIST_akh.png,3,0
MHIST_akq.png,4,1
MHIST_akr.png,5,1
MHIST_apw.png,2,0
MHIST_asz.png,2,0
MHIST_atn.png,3,0
MHIST_awn.png,5,1
MHIST_awr.png,2,0
MHIST_axd.png,4,1
MHIST_bco.png,2,0
MHIST_bhk.png,3,0
MHIST_bma.png,2,0
MHIST_bpz.png,3,0
MHIST_cpy.png,4,1
MHIST_crg.png,3,0
MHIST_cvh.png,2,0
MHIST_ddv.png,3,0
MHIST_dnp.png,4,1
MHIST_dwz.png,2,0
MHIST_ecb.png,3,0
MHIST_eln.png,3,0
MHIST_eoe.png,5,1
MHIST_abi.png,6,1
MHIST_aed.png,4,1
MHIST_aeh.png,5,1
MHIST_age.png,6,1
MHIST_agf.png,6,1
MHIST_ahl.png,4,1
MHIST_alh.png,3,0
MHIST_aln.png,5,1
MHIST_apn.png,6,1
MHIST_apt.png,4,1
MHIST_aqp.png,4,1
MHIST_atj.png,4,1
MHIST_auq.png,4,1
MHIST_awg.png,4,1
MHIST_aya.png,5,1
MHIST_ayv.png,5,1
MHIST_azj.png,4,1
MHIST_bbh.png,4,1
MHIST_bbw.png,5,1
MHIST_beb.png,3,0
MHIST_bee.png,3,0
MHIST_bew.png,5,1
MHIST_bff.png,4,1
MHIST_bfn.png,2,0
MHIST_bgc.png,4,1
MHIST_bgh.png,5,1
MHIST_bgl.png,3,0
MHIST_bgp.png,5,1
MHIST_bgv.png,5,1
MHIST_bie.png,4,1
MHIST_biw.png,5,1
MHIST_bjs.png,5,1
MHIST_bkl.png,5,1
MHIST_blt.png,4,1
MHIST_blu.png,6,1
MHIST_blz.png,3,0
MHIST_bms.png,6,1
MHIST_bnp.png,4,1
MHIST_bnr.png,4,1
MHIST_bow.png,5,1
MHIST_boy.png,4,1
MHIST_bpj.png,4,1
MHIST_bqe.png,5,1
MHIST_bqk.png,5,1
MHIST_bqn.png,4,1
MHIST_brl.png,4,1
MHIST_brw.png,6,1
MHIST_bsx.png,6,1
MHIST_btt.png,6,1
MHIST_btu.png,5,1
MHIST_bvn.png,5,1
MHIST_bvq.png,4,1
MHIST_bwu.png,4,1
MHIST_bym.png,6,1
MHIST_byy.png,6,1
MHIST_byz.png,4,1
MHIST_bzk.png,5,1
MHIST_bzw.png,6,1
MHIST_cdy.png,4,1
MHIST_cfy.png,4,1
MHIST_chp.png,5,1
MHIST_cnv.png,5,1
MHIST_cnw.png,4,1
MHIST_cny.png,4,1
MHIST_crs.png,6,1
MHIST_cwt.png,4,1
MHIST_cye.png,5,1
MHIST_dam.png,6,1
MHIST_dav.png,6,1
MHIST_dbz.png,5,1
MHIST_dcm.png,6,1
MHIST_ddw.png,6,1
MHIST_dgs.png,5,1
MHIST_djk.png,4,1
MHIST_dkj.png,4,1
MHIST_dkn.png,5,1
MHIST_dmj.png,5,1
MHIST_doh.png,5,1
MHIST_dpl.png,4,1
MHIST_dpo.png,6,1
MHIST_dpt.png,4,1
MHIST_dsi.png,4,1
MHIST_dso.png,6,1
MHIST_dtu.png,5,1
MHIST_dui.png,5,1
MHIST_duq.png,4,1
MHIST_dvk.png,5,1
MHIST_dvr.png,6,1
MHIST_dwc.png,6,1
MHIST_dwq.png,6,1
MHIST_dxe.png,5,1
MHIST_edl.png,5,1
MHIST_eef.png,5,1
MHIST_een.png,5,1
MHIST_efa.png,6,1
MHIST_efo.png,5,1
MHIST_egk.png,6,1
MHIST_egw.png,5,1
MHIST_eiq.png,5,1
MHIST_eiu.png,5,1
MHIST_eiv.png,6,1
MHIST_ejh.png,6,1
MHIST_ejn.png,5,1
MHIST_elf.png,4,1
MHIST_ema.png,5,1
MHIST_emg.png,5,1
MHIST_epm.png,5,1
MHIST_epn.png,6,1
MHIST_epr.png,5,1
MHIST_erc.png,6,1
MHIST_cdd.png,5,1
MHIST_ctf.png,4,1
MHIST_eox.png,5,1
MHIST_bsk.png,6,1
MHIST_cma.png,5,1
MHIST_cor.png,5,1
MHIST_cup.png,5,1
MHIST_dbk.png,6,1
MHIST_dxm.png,5,1
MHIST_aqb.png,5,1
MHIST_aqf.png,5,1
MHIST_awj.png,6,1
MHIST_axh.png,5,1
MHIST_ayc.png,5,1
MHIST_ayn.png,5,1
MHIST_azu.png,6,1
MHIST_bos.png,5,1
MHIST_cbc.png,6,1
MHIST_cms.png,5,1
MHIST_cnz.png,6,1
MHIST_cph.png,6,1
MHIST_cpu.png,6,1
MHIST_cqc.png,6,1
MHIST_daf.png,6,1
MHIST_dfk.png,5,1
MHIST_dgi.png,6,1
MHIST_dia.png,6,1
MHIST_djx.png,6,1
MHIST_dkt.png,6,1
MHIST_dms.png,6,1
MHIST_dol.png,6,1
MHIST_dtv.png,6,1
MHIST_dup.png,6,1
MHIST_dwu.png,6,1
MHIST_dxr.png,6,1
MHIST_eee.png,5,1
MHIST_ehn.png,6,1
MHIST_eor.png,6,1
MHIST_eqo.png,6,1
MHIST_aan.png,6,1
MHIST_agj.png,6,1
MHIST_ahc.png,6,1
MHIST_ahu.png,6,1
MHIST_aiq.png,6,1
MHIST_akm.png,6,1
MHIST_amg.png,6,1
MHIST_amj.png,6,1
MHIST_anp.png,6,1
MHIST_anx.png,6,1
MHIST_anz.png,6,1
MHIST_aoc.png,6,1
MHIST_aog.png,6,1
MHIST_aoh.png,6,1
MHIST_aoi.png,6,1
MHIST_aoj.png,6,1
MHIST_aor.png,6,1
MHIST_apv.png,6,1
MHIST_aqd.png,6,1
MHIST_aqs.png,6,1
MHIST_arn.png,6,1
MHIST_asx.png,6,1
MHIST_ate.png,6,1
MHIST_atk.png,6,1
MHIST_avr.png,6,1
MHIST_avv.png,6,1
MHIST_awo.png,6,1
MHIST_aww.png,6,1
MHIST_axa.png,6,1
MHIST_axp.png,6,1
MHIST_axv.png,6,1
MHIST_ayo.png,6,1
MHIST_azp.png,6,1
MHIST_azq.png,6,1
MHIST_bam.png,6,1
MHIST_bao.png,6,1
MHIST_bax.png,6,1
MHIST_bbg.png,6,1
MHIST_bbt.png,6,1
MHIST_bce.png,6,1
MHIST_bdp.png,6,1
MHIST_beo.png,6,1
MHIST_beu.png,6,1
MHIST_bev.png,6,1
MHIST_bfg.png,6,1
MHIST_bfq.png,6,1
MHIST_bgb.png,6,1
MHIST_bgf.png,6,1
MHIST_bhl.png,6,1
MHIST_bhs.png,6,1
MHIST_bhw.png,6,1
MHIST_bib.png,6,1
MHIST_bih.png,6,1
MHIST_bii.png,6,1
MHIST_bja.png,6,1
MHIST_bjp.png,6,1
MHIST_bkb.png,6,1
MHIST_bkd.png,6,1
MHIST_bks.png,6,1
MHIST_bky.png,6,1
MHIST_bnf.png,6,1
MHIST_bop.png,6,1
MHIST_bor.png,6,1
MHIST_bpb.png,6,1
MHIST_bpp.png,6,1
MHIST_bql.png,6,1
MHIST_bsj.png,6,1
MHIST_bwa.png,6,1
MHIST_byh.png,6,1
MHIST_cbu.png,6,1
MHIST_ccd.png,6,1
MHIST_cfi.png,6,1
MHIST_cfx.png,6,1
MHIST_cic.png,6,1
MHIST_cln.png,6,1
MHIST_clw.png,6,1
MHIST_cmj.png,6,1
MHIST_cml.png,6,1
MHIST_crk.png,6,1
MHIST_czb.png,6,1
MHIST_czs.png,6,1
MHIST_dhb.png,6,1
MHIST_dho.png,6,1
MHIST_dhu.png,6,1
MHIST_diy.png,6,1
MHIST_dog.png,7,1
MHIST_cqg.png,7,1
MHIST_dwa.png,7,1
MHIST_cpc.png,7,1
MHIST_cso.png,7,1
MHIST_eqa.png,7,1
MHIST_buo.png,7,1
MHIST_ehc.png,7,1
MHIST_ekx.png,7,1
MHIST_eky.png,7,1
MHIST_aiu.png,7,1
MHIST_dtl.png,7,1
MHIST_chs.png,7,1
MHIST_dao.png,7,1
MHIST_dcp.png,7,1
MHIST_dty.png,7,1
MHIST_cpw.png,7,1
MHIST_dtn.png,7,1
MHIST_aet.png,7,1
MHIST_bws.png,7,1
MHIST_bzc.png,7,1
MHIST_bum.png,7,1
MHIST_dvg.png,7,1
MHIST_cjo.png,7,1
MHIST_dmi.png,7,1
MHIST_crm.png,7,1
MHIST_aji.png,7,1
MHIST_dwp.png,7,1
MHIST_adu.png,7,1
MHIST_eqp.png,7,1
MHIST_eec.png,7,1
MHIST_edp.png,7,1
MHIST_dcc.png,7,1
MHIST_cgx.png,7,1
MHIST_dxk.png,7,1
MHIST_dzt.png,7,1
MHIST_bze.png,7,1
MHIST_efl.png,7,1
MHIST_eic.png,7,1
MHIST_dyy.png,7,1
MHIST_dzb.png,7,1
MHIST_acc.png,7,1
MHIST_cyx.png,7,1
MHIST_ebt.png,7,1
MHIST_cwr.png,7,1
MHIST_ddu.png,7,1
MHIST_deq.png,7,1
MHIST_cot.png,7,1
MHIST_coc.png,7,1
MHIST_cne.png,7,1
MHIST_dht.png,7,1
MHIST_ccu.png,7,1
MHIST_cvt.png,7,1
MHIST_cwq.png,7,1
MHIST_cvu.png,7,1
MHIST_djj.png,7,1
MHIST_diu.png,7,1
MHIST_djn.png,7,1
MHIST_cod.png,7,1
MHIST_drh.png,7,1
MHIST_cty.png,7,1
MHIST_ebd.png,7,1
MHIST_ccf.png,7,1
MHIST_dew.png,7,1
MHIST_cmz.png,7,1
MHIST_dhr.png,7,1
MHIST_cnc.png,7,1
MHIST_cui.png,7,1
MHIST_eov.png,7,1
MHIST_ebp.png,7,1
MHIST_czg.png,7,1
MHIST_abt.png,7,1
MHIST_acp.png,7,1
MHIST_dqq.png,7,1
MHIST_cnb.png,7,1
MHIST_dhs.png,7,1
MHIST_ddj.png,7,1
MHIST_dsc.png,7,1
MHIST_bse.png,7,1
MHIST_elv.png,7,1
MHIST_ecn.png,7,1
MHIST_elw.png,7,1
MHIST_abo.png,7,1
MHIST_dpn.png,7,1
MHIST_djw.png,7,1
MHIST_dkf.png,7,1
MHIST_cac.png,7,1
MHIST_cbo.png,7,1
MHIST_dqh.png,7,1
MHIST_bsq.png,7,1
MHIST_enk.png,7,1
MHIST_cxw.png,7,1
MHIST_dsa.png,7,1
MHIST_dre.png,7,1
MHIST_cab.png,7,1
MHIST_dik.png,7,1
MHIST_deh.png,7,1
MHIST_drv.png,7,1
MHIST_cvo.png,7,1
MHIST_dse.png,7,1
MHIST_bfu.png,7,1
MHIST_eav.png,7,1
MHIST_dsd.png,7,1
MHIST_ctq.png,7,1
MHIST_cap.png,7,1
MHIST_dei.png,7,1
MHIST_car.png,7,1
MHIST_azm.png,7,1
MHIST_ccm.png,7,1
MHIST_dgc.png,7,1
MHIST_alw.png,7,1
MHIST_drb.png,7,1
MHIST_cxp.png,7,1
MHIST_bqh.png,7,1
MHIST_bpl.png,7,1
MHIST_eoh.png,7,1
MHIST_eck.png,7,1
MHIST_bfv.png,7,1
MHIST_eby.png,7,1
MHIST_ecj.png,7,1
MHIST_bfw.png,7,1
MHIST_emv.png,7,1
MHIST_bio.png,7,1
MHIST_cxf.png,7,1
MHIST_czn.png,7,1
MHIST_cyu.png,7,1
MHIST_ala.png,7,1
MHIST_cua.png,7,1
MHIST_drt.png,7,1
MHIST_ayw.png,7,1
MHIST_djr.png,7,1
MHIST_ckw.png,7,1
MHIST_dae.png,7,1
MHIST_cfg.png,7,1
MHIST_cgt.png,7,1
MHIST_ajf.png,7,1
MHIST_cqy.png,7,1
MHIST_cqn.png,7,1
MHIST_aij.png,7,1
MHIST_btb.png,7,1
MHIST_ekf.png,7,1
MHIST_bbx.png,7,1
MHIST_egd.png,7,1
MHIST_ehk.png,7,1
MHIST_bwo.png,7,1
MHIST_bug.png,7,1
MHIST_dwi.png,7,1
MHIST_dte.png,7,1
MHIST_dua.png,7,1
MHIST_dmg.png,7,1
MHIST_chz.png,7,1
MHIST_ckc.png,7,1
MHIST_dni.png,7,1
MHIST_cfd.png,7,1
MHIST_dbj.png,7,1
MHIST_dtg.png,7,1
MHIST_ahz.png,7,1
MHIST_cse.png,7,1
MHIST_ajr.png,7,1
MHIST_dxs.png,7,1
MHIST_dyw.png,7,1
MHIST_bxb.png,7,1
MHIST_efb.png,7,1
MHIST_efu.png,7,1
MHIST_bbm.png,7,1
MHIST_eil.png,7,1
MHIST_blf.png,7,1
MHIST_bwl.png,7,1
MHIST_epy.png,7,1
MHIST_dzz.png,7,1
MHIST_cql.png,7,1
MHIST_dcx.png,7,1
MHIST_cjf.png,7,1
MHIST_dmw.png,7,1
MHIST_ail.png,7,1
MHIST_dvj.png,7,1
MHIST_duf.png,7,1
MHIST_dxa.png,7,1
MHIST_eqy.png,7,1
MHIST_bnj.png,7,1
MHIST_bon.png,7,1
MHIST_bbi.png,7,1
MHIST_edo.png,7,1
MHIST_bcl.png,7,1
MHIST_blc.png,7,1
MHIST_eii.png,7,1
MHIST_boo.png,7,1
MHIST_bmp.png,7,1
MHIST_bxq.png,7,1
MHIST_byu.png,7,1
MHIST_bzn.png,7,1
MHIST_eqx.png,7,1
MHIST_ake.png,7,1
MHIST_dtt.png,7,1
MHIST_cjc.png,7,1
MHIST_cjv.png,7,1
MHIST_cja.png,7,1
MHIST_daw.png,7,1
MHIST_cgf.png,7,1
MHIST_cfb.png,7,1
MHIST_cst.png,7,1
MHIST_ahk.png,7,1
MHIST_crp.png,7,1
MHIST_csc.png,7,1
MHIST_dyq.png,7,1
MHIST_ags.png,7,1
MHIST_bvx.png,7,1
MHIST_byw.png,7,1
MHIST_bcn.png,7,1
MHIST_eeh.png,7,1
MHIST_bcy.png,7,1
MHIST_ejf.png,7,1
MHIST_bxe.png,7,1
MHIST_bxr.png,7,1
MHIST_bub.png,7,1
MHIST_bvy.png,7,1
MHIST_cpn.png,7,1
MHIST_dlf.png,7,1
MHIST_cks.png,7,1
